sample_id,cluster_label
0,2
1,1
2,1
3,3
4,0
5,0
6,3
7,3
8,3
9,2
10,0
11,0
12,2
13,0
14,2
15,4
16,3
17,4
18,0
19,1
20,0
21,4
22,3
23,1
24,3
25,1
26,3
27,2
28,4
29,4
30,4
31,2
32,0
33,2
34,2
35,4
36,1
37,2
38,1
39,3
40,0
41,1
42,2
43,0
44,0
45,4
46,4
47,4
48,1
49,3
50,2
51,3
52,1
53,1
54,3
55,4
56,0
57,4
58,3
59,2
60,2
61,3
62,4
63,4
64,3
65,0
66,4
67,1
68,2
69,4
70,3
71,2
72,1
73,2
74,0
75,4
76,0
77,1
78,3
79,2
80,4
81,3
82,3
83,0
84,4
85,3
86,2
87,4
88,4
89,1
90,0
91,3
92,2
93,4
94,2
95,0
96,4
97,4
98,1
99,2
100,4
101,1
102,1
103,3
104,2
105,0
106,3
107,3
108,4
109,0
110,3
111,4
112,1
113,4
114,2
115,0
116,0
117,0
118,1
119,0
120,4
121,0
122,3
123,2
124,1
125,1
126,3
127,0
128,1
129,0
130,1
131,3
132,3
133,4
134,2
135,3
136,0
137,1
138,0
139,4
140,2
141,4
142,3
143,3
144,1
145,3
146,1
147,2
148,3
149,2
150,3
151,0
152,4
153,2
154,4
155,3
156,0
157,0
158,0
159,3
160,0
161,2
162,0
163,1
164,1
165,3
166,2
167,0
168,0
169,1
170,4
171,4
172,0
173,3
174,4
175,0
176,2
177,2
178,0
179,2
180,1
181,4
182,0
183,3
184,4
185,0
186,4
187,4
188,3
189,3
190,2
191,2
192,2
193,4
194,4
195,1
196,0
197,0
198,1
199,4
200,2
201,1
202,0
203,0
204,2
205,1
206,1
207,0
208,0
209,1
210,1
211,3
212,2
213,4
214,2
215,0
216,2
217,1
218,3
219,3
220,2
221,0
222,3
223,0
224,2
225,3
226,1
227,0
228,2
229,2
230,3
231,4
232,0
233,4
234,4
235,0
236,0
237,3
238,3
239,0
240,3
241,0
242,1
243,3
244,2
245,0
246,0
247,2
248,0
249,1
250,2
251,2
252,2
253,4
254,4
255,4
256,0
257,2
258,2
259,4
260,2
261,1
262,3
263,4
264,0
265,2
266,0
267,4
268,3
269,4
270,2
271,2
272,4
273,1
274,3
275,1
276,2
277,0
278,1
279,4
280,0
281,4
282,4
283,4
284,3
285,3
286,0
287,0
288,2
289,2
290,2
291,0
292,3
293,2
294,4
295,0
296,1
297,0
298,4
299,4
300,4
301,0
302,0
303,3
304,4
305,1
306,3
307,3
308,4
309,3
310,0
311,4
312,3
313,4
314,4
315,2
316,1
317,1
318,4
319,1
320,2
321,4
322,0
323,4
324,1
325,0
326,3
327,1
328,1
329,4
330,4
331,4
332,4
333,4
334,1
335,3
336,0
337,0
338,3
339,3
340,2
341,2
342,2
343,1
344,0
345,1
346,2
347,2
348,1
349,2
350,0
351,4
352,3
353,4
354,3
355,1
356,3
357,3
358,2
359,0
360,2
361,0
362,3
363,3
364,4
365,4
366,1
367,2
368,1
369,3
370,1
371,2
372,2
373,1
374,0
375,1
376,3
377,3
378,0
379,1
380,2
381,3
382,3
383,1
384,0
385,4
386,0
387,3
388,3
389,1
390,3
391,2
392,1
393,2
394,4
395,3
396,4
397,0
398,1
399,4
400,0
401,3
402,1
403,0
404,1
405,0
406,2
407,4
408,1
409,0
410,0
411,0
412,2
413,1
414,0
415,4
416,1
417,2
418,0
419,1
420,4
421,1
422,1
423,4
424,0
425,2
426,4
427,3
428,2
429,0
430,4
431,2
432,3
433,1
434,1
435,1
436,3
437,0
438,4
439,2
440,2
441,3
442,1
443,3
444,1
445,0
446,0
447,0
448,2
449,0
450,4
451,2
452,0
453,1
454,2
455,2
456,1
457,1
458,4
459,3
460,0
461,2
462,1
463,2
464,4
465,3
466,0
467,3
468,1
469,1
470,4
471,1
472,4
473,3
474,2
475,2
476,1
477,0
478,1
479,3
480,3
481,0
482,1
483,1
484,0
485,2
486,0
487,3
488,4
489,4
490,4
491,1
492,2
493,0
494,4
495,1
496,0
497,0
498,3
499,1
500,3
501,2
502,0
503,0
504,4
505,0
506,3
507,4
508,1
509,0
510,0
511,3
512,3
513,2
514,1
515,2
516,2
517,2
518,3
519,3
520,0
521,0
522,4
523,2
524,2
525,1
526,4
527,4
528,0
529,0
530,1
531,3
532,1
533,1
534,3
535,4
536,3
537,3
538,3
539,1
540,4
541,1
542,1
543,1
544,4
545,2
546,4
547,4
548,1
549,3
550,2
551,0
552,1
553,4
554,0
555,4
556,2
557,0
558,2
559,0
560,2
561,3
562,1
563,4
564,3
565,1
566,4
567,3
568,2
569,4
570,0
571,0
572,0
573,2
574,2
575,0
576,1
577,0
578,1
579,0
580,1
581,4
582,4
583,4
584,3
585,4
586,3
587,1
588,2
589,2
590,4
591,3
592,3
593,3
594,3
595,1
596,2
597,4
598,1
599,2
600,3
601,0
602,3
603,4
604,1
605,4
606,3
607,2
608,2
609,2
610,3
611,1
612,3
613,4
614,3
615,2
616,3
617,0
618,0
619,4
620,2
621,2
622,4
623,1
624,0
625,4
626,1
627,1
628,2
629,3
630,3
631,2
632,4
633,0
634,3
635,1
636,4
637,3
638,1
639,3
640,0
641,0
642,4
643,3
644,0
645,1
646,1
647,4
648,0
649,0
650,0
651,3
652,0
653,4
654,3
655,4
656,3
657,0
658,2
659,1
660,2
661,2
662,1
663,0
664,3
665,0
666,1
667,0
668,3
669,0
670,3
671,2
672,3
673,4
674,2
675,2
676,3
677,1
678,2
679,0
680,4
681,1
682,4
683,4
684,0
685,0
686,0
687,0
688,0
689,3
690,2
691,3
692,3
693,2
694,4
695,0
696,2
697,4
698,2
699,1
700,4
701,0
702,0
703,1
704,0
705,2
706,1
707,1
708,3
709,1
710,3
711,0
712,4
713,3
714,0
715,4
716,4
717,2
718,3
719,4
720,3
721,2
722,3
723,0
724,4
725,4
726,0
727,1
728,3
729,3
730,4
731,4
732,4
733,0
734,2
735,1
736,0
737,0
738,4
739,3
740,2
741,2
742,4
743,4
744,1
745,3
746,2
747,0
748,4
749,4
750,3
751,0
752,0
753,3
754,1
755,4
756,0
757,4
758,2
759,4
760,2
761,1
762,1
763,2
764,3
765,4
766,4
767,2
768,2
769,4
770,0
771,4
772,2
773,3
774,4
775,0
776,3
777,4
778,4
779,1
780,1
781,4
782,2
783,4
784,3
785,0
786,4
787,3
788,2
789,2
790,1
791,3
792,2
793,0
794,3
795,2
796,0
797,1
798,0
799,0
800,3
801,2
802,0
803,3
804,3
805,0
806,4
807,3
808,4
809,3
810,4
811,1
812,2
813,2
814,4
815,3
816,1
817,3
818,0
819,4
820,3
821,4
822,2
823,0
824,1
825,3
826,0
827,2
828,2
829,0
830,0
831,4
832,3
833,1
834,0
835,1
836,0
837,2
838,1
839,3
840,4
841,4
842,4
843,2
844,1
845,2
846,3
847,4
848,1
849,0
850,3
851,4
852,0
853,3
854,4
855,1
856,3
857,4
858,2
859,2
860,0
861,3
862,3
863,2
864,4
865,0
866,0
867,3
868,1
869,1
870,4
871,0
872,0
873,1
874,1
875,1
876,2
877,3
878,4
879,3
880,4
881,2
882,1
883,4
884,3
885,2
886,3
887,2
888,1
889,3
890,3
891,2
892,0
893,0
894,3
895,0
896,4
897,0
898,0
899,0
900,3
901,4
902,2
903,3
904,3
905,1
906,0
907,3
908,3
909,4
910,0
911,2
912,4
913,3
914,0
915,3
916,2
917,2
918,4
919,1
920,3
921,1
922,0
923,2
924,4
925,3
926,0
927,3
928,3
929,2
930,2
931,1
932,0
933,3
934,2
935,2
936,2
937,2
938,4
939,4
940,0
941,4
942,1
943,3
944,4
945,1
946,3
947,2
948,1
949,0
950,2
951,2
952,4
953,4
954,4
955,3
956,2
957,1
958,1
959,2
960,3
961,4
962,4
963,4
964,3
965,3
966,2
967,2
968,2
969,2
970,4
971,0
972,1
973,4
974,2
975,4
976,3
977,3
978,2
979,1
980,2
981,3
982,1
983,0
984,1
985,4
986,1
987,0
988,0
989,3
990,3
991,2
992,3
993,3
994,4
995,2
996,4
997,3
998,3
999,2
1000,0
1001,3
1002,1
1003,1
1004,4
1005,0
1006,2
1007,3
1008,0
1009,1
1010,2
1011,3
1012,0
1013,0
1014,4
1015,0
1016,2
1017,4
1018,4
1019,2
1020,0
1021,4
1022,0
1023,2
1024,0
1025,1
1026,2
1027,3
1028,0
1029,1
1030,4
1031,0
1032,3
1033,3
1034,1
1035,4
1036,0
1037,0
1038,0
1039,1
1040,2
1041,2
1042,0
1043,3
1044,1
1045,2
1046,0
1047,3
1048,3
1049,4
1050,0
1051,0
1052,4
1053,2
1054,2
1055,2
1056,1
1057,3
1058,3
1059,3
1060,2
1061,4
1062,4
1063,1
1064,1
1065,3
1066,4
1067,1
1068,4
1069,3
1070,0
1071,4
1072,0
1073,2
1074,4
1075,3
1076,0
1077,3
1078,4
1079,4
1080,1
1081,1
1082,1
1083,2
1084,4
1085,3
1086,3
1087,3
1088,0
1089,4
1090,4
1091,4
1092,2
1093,4
1094,1
1095,1
1096,0
1097,2
1098,2
1099,4
1100,4
1101,2
1102,3
1103,2
1104,4
1105,4
1106,3
1107,4
1108,4
1109,2
1110,2
1111,1
1112,3
1113,4
1114,1
1115,2
1116,1
1117,1
1118,2
1119,1
1120,2
1121,4
1122,3
1123,2
1124,0
1125,3
1126,2
1127,0
1128,1
1129,1
1130,3
1131,3
1132,1
1133,1
1134,2
1135,0
1136,3
1137,3
1138,2
1139,3
1140,0
1141,0
1142,3
1143,3
1144,3
1145,0
1146,0
1147,2
1148,0
1149,0
1150,2
1151,0
1152,0
1153,2
1154,1
1155,4
1156,1
1157,1
1158,0
1159,4
1160,0
1161,3
1162,1
1163,2
1164,2
1165,3
1166,0
1167,1
1168,2
1169,2
1170,3
1171,1
1172,0
1173,1
1174,1
1175,2
1176,3
1177,0
1178,2
1179,4
1180,2
1181,2
1182,2
1183,4
1184,4
1185,3
1186,4
1187,0
1188,4
1189,0
1190,4
1191,3
1192,1
1193,4
1194,0
1195,4
1196,0
1197,2
1198,1
1199,4
1200,1
1201,1
1202,0
1203,0
1204,3
1205,3
1206,3
1207,1
1208,3
1209,0
1210,4
1211,1
1212,4
1213,4
1214,2
1215,3
1216,0
1217,2
1218,0
1219,4
1220,4
1221,3
1222,4
1223,1
1224,2
1225,1
1226,3
1227,4
1228,3
1229,3
1230,4
1231,3
1232,2
1233,2
1234,0
1235,1
1236,4
1237,0
1238,2
1239,4
1240,3
1241,1
1242,0
1243,4
1244,0
1245,1
1246,4
1247,3
1248,0
1249,3
1250,3
1251,3
1252,1
1253,0
1254,2
1255,0
1256,1
1257,4
1258,3
1259,4
1260,1
1261,0
1262,2
1263,2
1264,3
1265,2
1266,0
1267,0
1268,1
1269,0
1270,3
1271,0
1272,0
1273,0
1274,2
1275,3
1276,3
1277,1
1278,0
1279,4
1280,1
1281,0
1282,1
1283,0
1284,2
1285,3
1286,3
1287,3
1288,4
1289,1
1290,0
1291,1
1292,4
1293,2
1294,1
1295,3
1296,1
1297,2
1298,0
1299,0
1300,4
1301,3
1302,1
1303,3
1304,0
1305,4
1306,3
1307,3
1308,1
1309,1
1310,1
1311,0
1312,4
1313,2
1314,1
1315,3
1316,2
1317,3
1318,0
1319,3
1320,1
1321,0
1322,0
1323,2
1324,1
1325,3
1326,4
1327,4
1328,4
1329,3
1330,3
1331,4
1332,2
1333,0
1334,4
1335,2
1336,2
1337,1
1338,3
1339,0
1340,1
1341,4
1342,2
1343,4
1344,4
1345,4
1346,1
1347,3
1348,3
1349,1
1350,1
1351,1
1352,2
1353,1
1354,1
1355,2
1356,0
1357,1
1358,3
1359,3
1360,0
1361,2
1362,1
1363,0
1364,4
1365,2
1366,0
1367,2
1368,3
1369,3
1370,4
1371,2
1372,1
1373,1
1374,3
1375,3
1376,2
1377,0
1378,1
1379,0
1380,3
1381,4
1382,3
1383,1
1384,2
1385,4
1386,2
1387,4
1388,4
1389,4
1390,2
1391,1
1392,0
1393,3
1394,4
1395,3
1396,0
1397,1
1398,2
1399,1
1400,0
1401,0
1402,0
1403,1
1404,1
1405,4
1406,0
1407,0
1408,0
1409,0
1410,0
1411,3
1412,0
1413,1
1414,4
1415,3
1416,1
1417,4
1418,4
1419,4
1420,2
1421,0
1422,2
1423,3
1424,2
1425,0
1426,2
1427,3
1428,3
1429,4
1430,0
1431,0
1432,1
1433,3
1434,4
1435,0
1436,3
1437,0
1438,2
1439,3
1440,0
1441,2
1442,0
1443,4
1444,0
1445,0
1446,2
1447,2
1448,0
1449,2
1450,1
1451,1
1452,2
1453,1
1454,1
1455,1
1456,1
1457,2
1458,1
1459,4
1460,0
1461,1
1462,3
1463,2
1464,4
1465,4
1466,0
1467,3
1468,3
1469,3
1470,4
1471,0
1472,0
1473,3
1474,2
1475,0
1476,0
1477,2
1478,3
1479,3
1480,3
1481,4
1482,0
1483,2
1484,4
1485,0
1486,3
1487,2
1488,0
1489,4
1490,1
1491,4
1492,0
1493,3
1494,4
1495,1
1496,3
1497,1
1498,3
1499,0
1500,4
1501,4
1502,3
1503,4
1504,1
1505,3
1506,0
1507,2
1508,1
1509,2
1510,3
1511,3
1512,3
1513,0
1514,2
1515,3
1516,2
1517,1
1518,3
1519,3
1520,4
1521,1
1522,2
1523,1
1524,0
1525,2
1526,0
1527,4
1528,4
1529,4
1530,3
1531,3
1532,3
1533,2
1534,0
1535,0
1536,4
1537,1
1538,0
1539,0
1540,1
1541,4
1542,0
1543,2
1544,0
1545,0
1546,0
1547,1
1548,4
1549,2
1550,0
1551,3
1552,0
1553,1
1554,1
1555,0
1556,3
1557,4
1558,4
1559,4
1560,3
1561,1
1562,0
1563,0
1564,3
1565,2
1566,1
1567,1
1568,3
1569,2
1570,1
1571,1
1572,1
1573,1
1574,3
1575,2
1576,2
1577,3
1578,3
1579,2
1580,4
1581,4
1582,3
1583,3
1584,4
1585,3
1586,2
1587,1
1588,4
1589,0
1590,0
1591,3
1592,0
1593,1
1594,3
1595,4
1596,3
1597,3
1598,0
1599,0
1600,3
1601,4
1602,2
1603,1
1604,0
1605,4
1606,3
1607,3
1608,0
1609,0
1610,1
1611,1
1612,2
1613,1
1614,0
1615,4
1616,4
1617,2
1618,4
1619,3
1620,1
1621,4
1622,3
1623,0
1624,2
1625,2
1626,1
1627,1
1628,2
1629,0
1630,0
1631,2
1632,1
1633,3
1634,3
1635,0
1636,4
1637,2
1638,0
1639,2
1640,4
1641,3
1642,1
1643,0
1644,0
1645,0
1646,4
1647,3
1648,4
1649,1
1650,3
1651,4
1652,3
1653,2
1654,3
1655,2
1656,4
1657,0
1658,3
1659,2
1660,1
1661,1
1662,4
1663,4
1664,4
1665,2
1666,1
1667,4
1668,2
1669,1
1670,3
1671,3
1672,1
1673,3
1674,2
1675,2
1676,4
1677,4
1678,4
1679,0
1680,1
1681,3
1682,0
1683,1
1684,3
1685,0
1686,1
1687,4
1688,4
1689,1
1690,0
1691,3
1692,4
1693,4
1694,2
1695,0
1696,1
1697,3
1698,3
1699,1
1700,0
1701,0
1702,1
1703,4
1704,4
1705,0
1706,1
1707,1
1708,3
1709,4
1710,1
1711,0
1712,3
1713,4
1714,0
1715,4
1716,0
1717,4
1718,0
1719,3
1720,1
1721,2
1722,1
1723,1
1724,2
1725,3
1726,1
1727,3
1728,0
1729,0
1730,2
1731,2
1732,3
1733,4
1734,3
1735,0
1736,3
1737,2
1738,3
1739,3
1740,0
1741,0
1742,2
1743,3
1744,0
1745,4
1746,1
1747,2
1748,3
1749,2
1750,3
1751,3
1752,2
1753,0
1754,3
1755,0
1756,3
1757,1
1758,1
1759,1
1760,3
1761,4
1762,2
1763,3
1764,0
1765,4
1766,1
1767,2
1768,3
1769,3
1770,0
1771,1
1772,1
1773,4
1774,3
1775,0
1776,4
1777,0
1778,1
1779,2
1780,4
1781,2
1782,3
1783,3
1784,3
1785,1
1786,1
1787,1
1788,1
1789,0
1790,3
1791,1
1792,4
1793,0
1794,1
1795,2
1796,0
1797,0
1798,3
1799,2
1800,2
1801,4
1802,0
1803,3
1804,1
1805,4
1806,0
1807,1
1808,2
1809,0
1810,1
1811,3
1812,2
1813,0
1814,3
1815,3
1816,4
1817,0
1818,4
1819,0
1820,2
1821,3
1822,1
1823,4
1824,1
1825,1
1826,0
1827,2
1828,4
1829,2
1830,2
1831,2
1832,2
1833,1
1834,2
1835,0
1836,4
1837,1
1838,0
1839,1
1840,0
1841,1
1842,2
1843,2
1844,1
1845,0
1846,0
1847,1
1848,3
1849,3
1850,0
1851,2
1852,1
1853,3
1854,2
1855,0
1856,0
1857,4
1858,2
1859,2
1860,1
1861,2
1862,2
1863,1
1864,0
1865,1
1866,3
1867,1
1868,3
1869,3
1870,0
1871,1
1872,2
1873,2
1874,4
1875,2
1876,2
1877,0
1878,0
1879,2
1880,3
1881,3
1882,3
1883,3
1884,2
1885,1
1886,0
1887,4
1888,3
1889,1
1890,0
1891,0
1892,0
1893,1
1894,2
1895,0
1896,3
1897,3
1898,4
1899,0
1900,4
1901,1
1902,4
1903,0
1904,3
1905,0
1906,4
1907,4
1908,4
1909,2
1910,1
1911,3
1912,0
1913,0
1914,4
1915,0
1916,3
1917,4
1918,4
1919,0
1920,0
1921,0
1922,1
1923,3
1924,1
1925,4
1926,4
1927,2
1928,1
1929,4
1930,0
1931,0
1932,1
1933,4
1934,3
1935,1
1936,4
1937,3
1938,2
1939,3
1940,2
1941,1
1942,1
1943,1
1944,1
1945,1
1946,1
1947,3
1948,2
1949,1
1950,0
1951,2
1952,4
1953,3
1954,0
1955,4
1956,4
1957,0
1958,4
1959,2
1960,0
1961,1
1962,3
1963,4
1964,2
1965,1
1966,4
1967,3
1968,1
1969,1
1970,4
1971,1
1972,4
1973,1
1974,4
1975,1
1976,3
1977,4
1978,1
1979,2
1980,2
1981,4
1982,1
1983,2
1984,2
1985,3
1986,3
1987,3
1988,0
1989,2
1990,1
1991,3
1992,2
1993,4
1994,4
1995,0
1996,2
1997,2
1998,0
1999,0
2000,1
2001,4
2002,3
2003,2
2004,3
2005,4
2006,0
2007,0
2008,2
2009,0
2010,2
2011,0
2012,0
2013,4
2014,3
2015,3
2016,4
2017,4
2018,3
2019,1
2020,1
2021,4
2022,3
2023,4
2024,3
2025,3
2026,2
2027,3
2028,1
2029,1
2030,0
2031,3
2032,0
2033,0
2034,1
2035,0
2036,3
2037,3
2038,2
2039,2
2040,0
2041,3
2042,0
2043,1
2044,3
2045,3
2046,3
2047,3
2048,1
2049,4
2050,3
2051,2
2052,0
2053,4
2054,4
2055,0
2056,4
2057,1
2058,4
2059,4
2060,0
2061,0
2062,2
2063,4
2064,3
2065,4
2066,1
2067,2
2068,4
2069,4
2070,3
2071,3
2072,3
2073,2
2074,0
2075,2
2076,0
2077,3
2078,4
2079,4
2080,4
2081,4
2082,4
2083,0
2084,0
2085,1
2086,1
2087,0
2088,2
2089,2
2090,0
2091,4
2092,1
2093,2
2094,1
2095,1
2096,0
2097,1
2098,0
2099,2
2100,0
2101,0
2102,1
2103,3
2104,2
2105,0
2106,0
2107,2
2108,4
2109,3
2110,2
2111,1
2112,3
2113,3
2114,3
2115,1
2116,0
2117,1
2118,0
2119,1
2120,4
2121,4
2122,4
2123,1
2124,0
2125,3
2126,3
2127,3
2128,2
2129,3
2130,4
2131,3
2132,1
2133,4
2134,0
2135,3
2136,1
2137,0
2138,0
2139,4
2140,4
2141,0
2142,4
2143,3
2144,4
2145,0
2146,2
2147,4
2148,0
2149,2
2150,1
2151,4
2152,3
2153,2
2154,0
2155,4
2156,0
2157,2
2158,2
2159,4
2160,4
2161,0
2162,2
2163,1
2164,1
2165,3
2166,1
2167,4
2168,2
2169,4
2170,1
2171,1
2172,0
2173,1
2174,2
2175,0
2176,3
2177,2
2178,2
2179,1
2180,4
2181,1
2182,3
2183,0
2184,3
2185,0
2186,1
2187,0
2188,2
2189,4
2190,0
2191,0
2192,1
2193,1
2194,0
2195,2
2196,2
2197,1
2198,0
2199,1
2200,0
2201,4
2202,2
2203,2
2204,4
2205,2
2206,2
2207,1
2208,1
2209,0
2210,4
2211,2
2212,0
2213,4
2214,0
2215,1
2216,4
2217,1
2218,0
2219,2
2220,4
2221,0
2222,0
2223,0
2224,3
2225,4
2226,4
2227,4
2228,4
2229,2
2230,2
2231,2
2232,3
2233,2
2234,0
2235,4
2236,0
2237,3
2238,3
2239,2
2240,0
2241,4
2242,0
2243,1
2244,2
2245,0
2246,1
2247,1
2248,1
2249,1
2250,0
2251,0
2252,0
2253,4
2254,3
2255,3
2256,4
2257,1
2258,1
2259,0
2260,0
2261,3
2262,4
2263,2
2264,2
2265,3
2266,0
2267,0
2268,0
2269,0
2270,4
2271,1
2272,1
2273,0
2274,2
2275,0
2276,1
2277,0
2278,4
2279,0
2280,2
2281,2
2282,3
2283,3
2284,2
2285,2
2286,4
2287,1
2288,4
2289,0
2290,2
2291,0
2292,1
2293,1
2294,0
2295,2
2296,3
2297,4
2298,2
2299,2
2300,3
2301,4
2302,4
2303,3
2304,1
2305,2
2306,2
2307,1
2308,4
2309,3
2310,3
2311,1
2312,2
2313,4
2314,2
2315,0
2316,1
2317,4
2318,0
2319,2
2320,2
2321,3
2322,1
2323,3
2324,4
2325,4
2326,4
2327,3
2328,4
2329,0
2330,1
2331,3
2332,4
2333,2
2334,3
2335,4
2336,0
2337,2
2338,4
2339,1
2340,4
2341,2
2342,2
2343,3
2344,0
2345,4
2346,2
2347,4
2348,3
2349,4
2350,0
2351,1
2352,1
2353,2
2354,0
2355,2
2356,2
2357,2
2358,4
2359,4
2360,0
2361,4
2362,2
2363,2
2364,2
2365,0
2366,3
2367,4
2368,0
2369,0
2370,2
2371,1
2372,2
2373,0
2374,2
2375,2
2376,0
2377,4
2378,0
2379,2
2380,1
2381,3
2382,0
2383,1
2384,3
2385,2
2386,4
2387,4
2388,4
2389,4
2390,2
2391,3
2392,4
2393,1
2394,1
2395,1
2396,2
2397,3
2398,4
2399,4
2400,4
2401,0
2402,4
2403,3
2404,2
2405,2
2406,4
2407,4
2408,4
2409,3
2410,4
2411,4
2412,2
2413,2
2414,4
2415,4
2416,1
2417,4
2418,1
2419,1
2420,2
2421,4
2422,0
2423,3
2424,4
2425,3
2426,0
2427,4
2428,1
2429,4
2430,0
2431,2
2432,4
2433,0
2434,0
2435,4
2436,2
2437,0
2438,4
2439,0
2440,2
2441,2
2442,2
2443,4
2444,0
2445,0
2446,0
2447,3
2448,1
2449,2
2450,4
2451,3
2452,2
2453,4
2454,2
2455,3
2456,0
2457,4
2458,4
2459,2
2460,2
2461,3
2462,0
2463,2
2464,2
2465,3
2466,3
2467,1
2468,4
2469,3
2470,0
2471,1
2472,3
2473,0
2474,3
2475,0
2476,3
2477,4
2478,3
2479,1
2480,3
2481,2
2482,4
2483,0
2484,4
2485,3
2486,0
2487,4
2488,1
2489,3
2490,3
2491,1
2492,1
2493,2
2494,2
2495,3
2496,1
2497,0
2498,2
2499,3
2500,3
2501,4
2502,1
2503,4
2504,2
2505,2
2506,3
2507,0
2508,3
2509,1
2510,1
2511,0
2512,1
2513,3
2514,1
2515,3
2516,3
2517,4
2518,0
2519,3
2520,3
2521,4
2522,4
2523,2
2524,0
2525,2
2526,3
2527,1
2528,1
2529,4
2530,3
2531,3
2532,0
2533,0
2534,4
2535,3
2536,1
2537,3
2538,0
2539,3
2540,3
2541,0
2542,4
2543,4
2544,0
2545,0
2546,0
2547,2
2548,3
2549,2
2550,1
2551,0
2552,2
2553,0
2554,1
2555,4
2556,4
2557,0
2558,1
2559,1
2560,1
2561,1
2562,4
2563,0
2564,3
2565,4
2566,0
2567,2
2568,1
2569,0
2570,3
2571,2
2572,4
2573,2
2574,0
2575,0
2576,1
2577,3
2578,0
2579,0
2580,1
2581,4
2582,2
2583,4
2584,3
2585,1
2586,2
2587,0
2588,4
2589,3
2590,3
2591,0
2592,4
2593,0
2594,1
2595,2
2596,1
2597,2
2598,0
2599,1
2600,0
2601,4
2602,3
2603,1
2604,3
2605,2
2606,1
2607,1
2608,0
2609,4
2610,2
2611,2
2612,2
2613,2
2614,4
2615,3
2616,1
2617,3
2618,3
2619,2
2620,4
2621,0
2622,3
2623,0
2624,1
2625,2
2626,2
2627,3
2628,3
2629,0
2630,4
2631,3
2632,1
2633,0
2634,1
2635,4
2636,1
2637,2
2638,4
2639,2
2640,0
2641,3
2642,4
2643,3
2644,0
2645,4
2646,0
2647,3
2648,3
2649,1
2650,0
2651,1
2652,3
2653,2
2654,4
2655,3
2656,0
2657,2
2658,1
2659,3
2660,4
2661,4
2662,1
2663,0
2664,0
2665,1
2666,2
2667,0
2668,4
2669,3
2670,4
2671,3
2672,1
2673,0
2674,2
2675,2
2676,1
2677,3
2678,3
2679,3
2680,3
2681,3
2682,1
2683,1
2684,1
2685,2
2686,1
2687,2
2688,0
2689,4
2690,2
2691,1
2692,3
2693,2
2694,3
2695,2
2696,2
2697,0
2698,3
2699,1
2700,1
2701,0
2702,4
2703,0
2704,2
2705,4
2706,3
2707,2
2708,4
2709,1
2710,0
2711,3
2712,2
2713,3
2714,2
2715,2
2716,1
2717,2
2718,4
2719,4
2720,3
2721,2
2722,4
2723,0
2724,3
2725,3
2726,4
2727,2
2728,4
2729,0
2730,0
2731,3
2732,4
2733,2
2734,4
2735,4
2736,0
2737,3
2738,4
2739,2
2740,3
2741,1
2742,2
2743,0
2744,4
2745,2
2746,3
2747,0
2748,2
2749,1
2750,3
2751,4
2752,2
2753,1
2754,0
2755,0
2756,2
2757,4
2758,2
2759,1
2760,0
2761,4
2762,0
2763,1
2764,1
2765,1
2766,0
2767,4
2768,1
2769,0
2770,1
2771,0
2772,0
2773,3
2774,0
2775,0
2776,1
2777,3
2778,1
2779,0
2780,1
2781,3
2782,1
2783,0
2784,1
2785,2
2786,0
2787,2
2788,0
2789,2
2790,4
2791,3
2792,3
2793,4
2794,3
2795,4
2796,3
2797,3
2798,2
2799,1
2800,0
2801,2
2802,3
2803,1
2804,2
2805,1
2806,3
2807,4
2808,0
2809,1
2810,4
2811,3
2812,2
2813,1
2814,1
2815,3
2816,1
2817,3
2818,3
2819,4
2820,0
2821,2
2822,1
2823,1
2824,1
2825,0
2826,2
2827,0
2828,0
2829,0
2830,4
2831,3
2832,3
2833,0
2834,2
2835,1
2836,2
2837,4
2838,0
2839,4
2840,2
2841,0
2842,2
2843,0
2844,0
2845,3
2846,4
2847,2
2848,0
2849,2
2850,0
2851,3
2852,0
2853,2
2854,2
2855,1
2856,4
2857,0
2858,0
2859,3
2860,1
2861,4
2862,2
2863,1
2864,2
2865,1
2866,0
2867,0
2868,0
2869,0
2870,2
2871,4
2872,3
2873,1
2874,2
2875,4
2876,3
2877,0
2878,1
2879,2
2880,3
2881,0
2882,4
2883,0
2884,4
2885,4
2886,2
2887,2
2888,2
2889,3
2890,2
2891,0
2892,2
2893,2
2894,1
2895,1
2896,4
2897,2
2898,3
2899,4
2900,3
2901,2
2902,4
2903,0
2904,1
2905,3
2906,0
2907,0
2908,1
2909,1
2910,3
2911,1
2912,3
2913,3
2914,4
2915,0
2916,0
2917,0
2918,3
2919,3
2920,4
2921,1
2922,3
2923,4
2924,0
2925,0
2926,4
2927,0
2928,1
2929,1
2930,0
2931,0
2932,2
2933,3
2934,1
2935,3
2936,3
2937,3
2938,4
2939,3
2940,0
2941,3
2942,1
2943,2
2944,4
2945,0
2946,0
2947,2
2948,2
2949,4
2950,2
2951,2
2952,4
2953,4
2954,4
2955,4
2956,0
2957,3
2958,1
2959,2
2960,1
2961,3
2962,3
2963,3
2964,3
2965,4
2966,0
2967,1
2968,2
2969,0
2970,4
2971,1
2972,0
2973,3
2974,1
2975,4
2976,4
2977,0
2978,1
2979,3
2980,0
2981,3
2982,3
2983,2
2984,3
2985,4
2986,0
2987,0
2988,1
2989,3
2990,2
2991,0
2992,4
2993,3
2994,0
2995,4
2996,2
2997,3
2998,1
2999,2
3000,1
3001,0
3002,3
3003,4
3004,3
3005,4
3006,1
3007,2
3008,0
3009,1
3010,1
3011,0
3012,1
3013,0
3014,2
3015,3
3016,4
3017,2
3018,3
3019,4
3020,2
3021,4
3022,2
3023,4
3024,4
3025,0
3026,4
3027,2
3028,3
3029,0
3030,2
3031,1
3032,2
3033,1
3034,0
3035,0
3036,3
3037,3
3038,2
3039,0
3040,4
3041,3
3042,0
3043,1
3044,3
3045,1
3046,3
3047,0
3048,2
3049,1
3050,4
3051,0
3052,1
3053,0
3054,4
3055,1
3056,0
3057,1
3058,4
3059,0
3060,3
3061,3
3062,1
3063,4
3064,3
3065,4
3066,0
3067,4
3068,4
3069,2
3070,2
3071,4
3072,0
3073,2
3074,3
3075,1
3076,2
3077,0
3078,1
3079,2
3080,0
3081,0
3082,1
3083,2
3084,3
3085,1
3086,1
3087,3
3088,0
3089,4
3090,4
3091,3
3092,4
3093,0
3094,1
3095,0
3096,2
3097,3
3098,3
3099,4
3100,2
3101,1
3102,0
3103,0
3104,0
3105,2
3106,0
3107,0
3108,4
3109,1
3110,4
3111,4
3112,3
3113,4
3114,4
3115,2
3116,2
3117,2
3118,0
3119,4
3120,3
3121,2
3122,3
3123,1
3124,4
3125,1
3126,3
3127,1
3128,1
3129,2
3130,2
3131,3
3132,4
3133,1
3134,0
3135,1
3136,1
3137,0
3138,1
3139,2
3140,4
3141,0
3142,4
3143,3
3144,0
3145,3
3146,0
3147,3
3148,3
3149,3
3150,1
3151,0
3152,2
3153,2
3154,0
3155,3
3156,1
3157,4
3158,4
3159,2
3160,3
3161,4
3162,3
3163,0
3164,1
3165,4
3166,1
3167,3
3168,1
3169,3
3170,2
3171,0
3172,2
3173,3
3174,0
3175,1
3176,2
3177,1
3178,0
3179,0
3180,3
3181,1
3182,4
3183,1
3184,0
3185,3
3186,4
3187,0
3188,2
3189,3
3190,0
3191,3
3192,0
3193,4
3194,3
3195,4
3196,3
3197,2
3198,3
3199,0
3200,1
3201,3
3202,1
3203,0
3204,1
3205,2
3206,0
3207,0
3208,2
3209,3
3210,0
3211,1
3212,2
3213,3
3214,2
3215,0
3216,2
3217,0
3218,1
3219,4
3220,2
3221,4
3222,4
3223,2
3224,4
3225,2
3226,4
3227,3
3228,3
3229,3
3230,0
3231,0
3232,3
3233,3
3234,2
3235,3
3236,0
3237,4
3238,4
3239,1
3240,2
3241,2
3242,0
3243,3
3244,0
3245,1
3246,4
3247,2
3248,3
3249,3
3250,3
3251,1
3252,0
3253,1
3254,3
3255,3
3256,1
3257,2
3258,1
3259,4
3260,4
3261,4
3262,3
3263,1
3264,2
3265,2
3266,1
3267,0
3268,1
3269,4
3270,4
3271,0
3272,1
3273,2
3274,1
3275,0
3276,4
3277,0
3278,0
3279,4
3280,4
3281,0
3282,4
3283,2
3284,4
3285,4
3286,1
3287,2
3288,2
3289,0
3290,0
3291,3
3292,4
3293,2
3294,3
3295,1
3296,4
3297,4
3298,1
3299,4
3300,0
3301,2
3302,4
3303,2
3304,2
3305,1
3306,4
3307,1
3308,4
3309,3
3310,2
3311,4
3312,3
3313,4
3314,4
3315,0
3316,4
3317,0
3318,1
3319,4
3320,4
3321,0
3322,1
3323,3
3324,1
3325,1
3326,0
3327,2
3328,1
3329,4
3330,4
3331,1
3332,0
3333,2
3334,4
3335,4
3336,3
3337,4
3338,4
3339,4
3340,0
3341,1
3342,0
3343,1
3344,3
3345,0
3346,4
3347,1
3348,2
3349,1
3350,0
3351,1
3352,0
3353,0
3354,0
3355,0
3356,1
3357,3
3358,0
3359,2
3360,4
3361,1
3362,2
3363,2
3364,2
3365,0
3366,2
3367,0
3368,4
3369,0
3370,1
3371,1
3372,1
3373,0
3374,4
3375,3
3376,4
3377,3
3378,4
3379,2
3380,0
3381,2
3382,3
3383,1
3384,4
3385,4
3386,3
3387,2
3388,2
3389,1
3390,3
3391,2
3392,3
3393,3
3394,2
3395,4
3396,1
3397,3
3398,3
3399,1
3400,1
3401,1
3402,3
3403,0
3404,0
3405,1
3406,0
3407,1
3408,3
3409,3
3410,3
3411,3
3412,4
3413,0
3414,3
3415,1
3416,0
3417,0
3418,4
3419,3
3420,4
3421,2
3422,3
3423,4
3424,0
3425,4
3426,2
3427,4
3428,0
3429,2
3430,3
3431,4
3432,0
3433,2
3434,0
3435,2
3436,1
3437,1
3438,0
3439,4
3440,2
3441,4
3442,4
3443,1
3444,1
3445,4
3446,0
3447,1
3448,1
3449,2
3450,4
3451,2
3452,4
3453,2
3454,0
3455,1
3456,0
3457,0
3458,0
3459,4
3460,2
3461,1
3462,0
3463,0
3464,2
3465,4
3466,2
3467,1
3468,4
3469,4
3470,0
3471,4
3472,4
3473,2
3474,2
3475,1
3476,1
3477,0
3478,0
3479,3
3480,2
3481,0
3482,2
3483,2
3484,0
3485,1
3486,2
3487,4
3488,4
3489,4
3490,1
3491,4
3492,2
3493,3
3494,0
3495,3
3496,1
3497,0
3498,2
3499,3
3500,4
3501,4
3502,0
3503,2
3504,1
3505,2
3506,0
3507,0
3508,3
3509,1
3510,4
3511,3
3512,1
3513,4
3514,0
3515,3
3516,2
3517,2
3518,4
3519,3
3520,4
3521,1
3522,1
3523,3
3524,1
3525,4
3526,0
3527,1
3528,1
3529,1
3530,4
3531,3
3532,3
3533,2
3534,1
3535,0
3536,3
3537,1
3538,1
3539,1
3540,3
3541,2
3542,1
3543,1
3544,2
3545,4
3546,4
3547,3
3548,1
3549,0
3550,4
3551,3
3552,0
3553,3
3554,4
3555,3
3556,3
3557,2
3558,1
3559,0
3560,2
3561,3
3562,1
3563,1
3564,0
3565,2
3566,0
3567,4
3568,4
3569,0
3570,4
3571,3
3572,1
3573,2
3574,1
3575,2
3576,4
3577,2
3578,1
3579,1
3580,4
3581,1
3582,3
3583,2
3584,1
3585,0
3586,2
3587,3
3588,2
3589,1
3590,1
3591,1
3592,2
3593,3
3594,1
3595,2
3596,0
3597,0
3598,1
3599,0
3600,0
3601,0
3602,1
3603,4
3604,3
3605,3
3606,4
3607,2
3608,4
3609,4
3610,3
3611,1
3612,0
3613,1
3614,0
3615,0
3616,0
3617,0
3618,1
3619,1
3620,2
3621,1
3622,2
3623,1
3624,1
3625,2
3626,1
3627,1
3628,0
3629,0
3630,3
3631,2
3632,3
3633,2
3634,4
3635,4
3636,2
3637,3
3638,1
3639,2
3640,1
3641,4
3642,2
3643,0
3644,0
3645,1
3646,0
3647,2
3648,3
3649,0
3650,2
3651,4
3652,3
3653,3
3654,3
3655,2
3656,3
3657,0
3658,2
3659,4
3660,1
3661,2
3662,1
3663,1
3664,0
3665,0
3666,1
3667,3
3668,2
3669,3
3670,1
3671,2
3672,4
3673,1
3674,0
3675,0
3676,4
3677,2
3678,3
3679,2
3680,2
3681,2
3682,3
3683,2
3684,0
3685,1
3686,2
3687,3
3688,0
3689,4
3690,2
3691,2
3692,4
3693,1
3694,4
3695,1
3696,0
3697,1
3698,3
3699,4
3700,0
3701,0
3702,4
3703,3
3704,0
3705,0
3706,2
3707,4
3708,3
3709,3
3710,4
3711,4
3712,3
3713,4
3714,2
3715,3
3716,2
3717,2
3718,4
3719,1
3720,0
3721,1
3722,0
3723,4
3724,3
3725,0
3726,2
3727,3
3728,2
3729,3
3730,0
3731,4
3732,4
3733,4
3734,2
3735,3
3736,4
3737,4
3738,1
3739,3
3740,3
3741,2
3742,1
3743,3
3744,0
3745,0
3746,0
3747,4
3748,3
3749,0
3750,3
3751,3
3752,3
3753,3
3754,2
3755,1
3756,1
3757,0
3758,2
3759,1
3760,2
3761,2
3762,2
3763,2
3764,1
3765,3
3766,3
3767,3
3768,3
3769,4
3770,1
3771,3
3772,2
3773,2
3774,4
3775,1
3776,2
3777,0
3778,2
3779,4
3780,4
3781,0
3782,3
3783,1
3784,0
3785,1
3786,0
3787,2
3788,4
3789,4
3790,0
3791,0
3792,1
3793,0
3794,2
3795,4
3796,4
3797,1
3798,3
3799,0
3800,3
3801,3
3802,0
3803,3
3804,0
3805,3
3806,4
3807,4
3808,4
3809,4
3810,3
3811,2
3812,1
3813,1
3814,0
3815,3
3816,2
3817,0
3818,2
3819,3
3820,4
3821,3
3822,0
3823,2
3824,4
3825,2
3826,2
3827,4
3828,3
3829,0
3830,0
3831,2
3832,2
3833,3
3834,4
3835,4
3836,4
3837,0
3838,1
3839,2
3840,0
3841,4
3842,3
3843,4
3844,1
3845,1
3846,4
3847,2
3848,1
3849,3
3850,3
3851,1
3852,1
3853,0
3854,2
3855,2
3856,4
3857,0
3858,4
3859,4
3860,2
3861,2
3862,4
3863,0
3864,2
3865,1
3866,0
3867,3
3868,2
3869,4
3870,4
3871,3
3872,2
3873,1
3874,1
3875,3
3876,1
3877,4
3878,1
3879,2
3880,3
3881,4
3882,2
3883,4
3884,1
3885,2
3886,3
3887,3
3888,3
3889,4
3890,4
3891,2
3892,3
3893,3
3894,3
3895,1
3896,1
3897,1
3898,0
3899,3
3900,0
3901,4
3902,4
3903,2
3904,0
3905,2
3906,2
3907,0
3908,3
3909,4
3910,0
3911,0
3912,1
3913,1
3914,4
3915,1
3916,2
3917,3
3918,1
3919,3
3920,0
3921,0
3922,2
3923,1
3924,3
3925,1
3926,0
3927,3
3928,1
3929,4
3930,0
3931,3
3932,1
3933,1
3934,3
3935,2
3936,2
3937,3
3938,1
3939,4
3940,1
3941,3
3942,1
3943,4
3944,1
3945,2
3946,0
3947,4
3948,2
3949,2
3950,1
3951,0
3952,0
3953,3
3954,4
3955,0
3956,0
3957,0
3958,1
3959,4
3960,1
3961,4
3962,1
3963,4
3964,4
3965,0
3966,3
3967,0
3968,3
3969,1
3970,2
3971,1
3972,3
3973,2
3974,0
3975,1
3976,3
3977,1
3978,3
3979,3
3980,4
3981,3
3982,0
3983,4
3984,4
3985,2
3986,1
3987,1
3988,3
3989,3
3990,0
3991,2
3992,2
3993,1
3994,0
3995,1
3996,1
3997,0
3998,3
3999,3
4000,4
4001,2
4002,1
4003,4
4004,3
4005,4
4006,2
4007,0
4008,0
4009,3
4010,1
4011,0
4012,4
4013,0
4014,4
4015,4
4016,0
4017,3
4018,4
4019,4
4020,1
4021,2
4022,1
4023,2
4024,2
4025,0
4026,1
4027,0
4028,0
4029,3
4030,4
4031,0
4032,2
4033,0
4034,4
4035,2
4036,4
4037,3
4038,2
4039,2
4040,3
4041,3
4042,3
4043,4
4044,1
4045,0
4046,4
4047,4
4048,4
4049,2
4050,1
4051,0
4052,1
4053,0
4054,1
4055,4
4056,0
4057,4
4058,0
4059,3
4060,4
4061,1
4062,2
4063,2
4064,1
4065,4
4066,3
4067,1
4068,4
4069,3
4070,1
4071,1
4072,1
4073,3
4074,4
4075,1
4076,0
4077,3
4078,4
4079,4
4080,4
4081,2
4082,2
4083,2
4084,4
4085,3
4086,1
4087,4
4088,2
4089,0
4090,4
4091,1
4092,1
4093,0
4094,4
4095,3
4096,3
4097,2
4098,2
4099,3
4100,0
4101,1
4102,1
4103,2
4104,3
4105,2
4106,2
4107,1
4108,0
4109,3
4110,4
4111,3
4112,1
4113,2
4114,3
4115,4
4116,1
4117,2
4118,2
4119,4
4120,1
4121,3
4122,1
4123,4
4124,0
4125,2
4126,1
4127,2
4128,0
4129,2
4130,3
4131,2
4132,2
4133,0
4134,3
4135,1
4136,1
4137,1
4138,4
4139,2
4140,4
4141,1
4142,0
4143,1
4144,2
4145,1
4146,2
4147,1
4148,2
4149,3
4150,1
4151,2
4152,0
4153,4
4154,0
4155,1
4156,1
4157,4
4158,4
4159,4
4160,1
4161,0
4162,1
4163,3
4164,0
4165,4
4166,2
4167,1
4168,0
4169,2
4170,3
4171,3
4172,4
4173,4
4174,0
4175,0
4176,3
4177,3
4178,4
4179,3
4180,2
4181,1
4182,3
4183,1
4184,0
4185,1
4186,3
4187,0
4188,4
4189,3
4190,2
4191,2
4192,3
4193,0
4194,0
4195,3
4196,0
4197,3
4198,3
4199,2
4200,3
4201,2
4202,2
4203,1
4204,3
4205,0
4206,1
4207,1
4208,0
4209,0
4210,4
4211,2
4212,3
4213,1
4214,1
4215,2
4216,0
4217,3
4218,0
4219,4
4220,2
4221,4
4222,0
4223,0
4224,1
4225,2
4226,4
4227,3
4228,0
4229,4
4230,1
4231,0
4232,1
4233,1
4234,3
4235,3
4236,3
4237,3
4238,1
4239,4
4240,4
4241,2
4242,4
4243,4
4244,1
4245,2
4246,3
4247,2
4248,0
4249,3
4250,2
4251,3
4252,3
4253,0
4254,2
4255,3
4256,0
4257,2
4258,1
4259,3
4260,0
4261,1
4262,3
4263,0
4264,4
4265,3
4266,3
4267,0
4268,2
4269,1
4270,2
4271,1
4272,2
4273,4
4274,1
4275,4
4276,4
4277,1
4278,3
4279,3
4280,0
4281,1
4282,1
4283,2
4284,4
4285,2
4286,4
4287,1
4288,2
4289,4
4290,2
4291,0
4292,2
4293,0
4294,1
4295,4
4296,0
4297,0
4298,1
4299,1
4300,1
4301,2
4302,1
4303,3
4304,1
4305,1
4306,1
4307,0
4308,3
4309,4
4310,1
4311,3
4312,0
4313,1
4314,4
4315,1
4316,2
4317,0
4318,0
4319,3
4320,4
4321,4
4322,3
4323,2
4324,0
4325,1
4326,1
4327,1
4328,2
4329,2
4330,2
4331,4
4332,2
4333,3
4334,1
4335,0
4336,2
4337,1
4338,3
4339,3
4340,0
4341,0
4342,2
4343,4
4344,0
4345,2
4346,4
4347,0
4348,2
4349,2
4350,0
4351,0
4352,0
4353,4
4354,2
4355,0
4356,4
4357,1
4358,4
4359,2
4360,2
4361,4
4362,0
4363,4
4364,2
4365,0
4366,3
4367,0
4368,2
4369,4
4370,4
4371,2
4372,0
4373,4
4374,3
4375,3
4376,1
4377,3
4378,1
4379,1
4380,3
4381,4
4382,0
4383,2
4384,1
4385,4
4386,2
4387,0
4388,2
4389,1
4390,1
4391,4
4392,0
4393,4
4394,1
4395,0
4396,1
4397,3
4398,1
4399,3
4400,1
4401,3
4402,4
4403,3
4404,0
4405,4
4406,0
4407,1
4408,4
4409,2
4410,1
4411,4
4412,0
4413,4
4414,3
4415,2
4416,2
4417,0
4418,3
4419,4
4420,4
4421,4
4422,4
4423,3
4424,2
4425,2
4426,4
4427,2
4428,1
4429,0
4430,0
4431,4
4432,1
4433,1
4434,1
4435,3
4436,4
4437,3
4438,2
4439,1
4440,0
4441,4
4442,0
4443,1
4444,3
4445,2
4446,3
4447,4
4448,2
4449,1
4450,2
4451,1
4452,1
4453,2
4454,2
4455,2
4456,0
4457,0
4458,3
4459,4
4460,1
4461,3
4462,0
4463,4
4464,0
4465,4
4466,3
4467,3
4468,3
4469,3
4470,2
4471,4
4472,0
4473,4
4474,0
4475,3
4476,3
4477,1
4478,2
4479,1
4480,3
4481,0
4482,4
4483,1
4484,0
4485,1
4486,4
4487,3
4488,2
4489,0
4490,3
4491,4
4492,1
4493,3
4494,1
4495,2
4496,1
4497,1
4498,2
4499,3
4500,1
4501,3
4502,3
4503,3
4504,3
4505,0
4506,4
4507,3
4508,3
4509,1
4510,4
4511,1
4512,3
4513,0
4514,0
4515,0
4516,3
4517,4
4518,2
4519,4
4520,1
4521,4
4522,2
4523,0
4524,0
4525,1
4526,2
4527,4
4528,4
4529,4
4530,3
4531,1
4532,0
4533,0
4534,2
4535,2
4536,1
4537,2
4538,2
4539,4
4540,4
4541,2
4542,4
4543,3
4544,0
4545,4
4546,2
4547,2
4548,3
4549,4
4550,4
4551,3
4552,1
4553,1
4554,0
4555,2
4556,2
4557,3
4558,1
4559,0
4560,0
4561,0
4562,0
4563,2
4564,0
4565,2
4566,0
4567,1
4568,1
4569,1
4570,0
4571,0
4572,3
4573,2
4574,4
4575,2
4576,2
4577,3
4578,3
4579,4
4580,3
4581,1
4582,2
4583,2
4584,1
4585,0
4586,3
4587,1
4588,0
4589,0
4590,0
4591,4
4592,2
4593,1
4594,4
4595,4
4596,3
4597,0
4598,4
4599,0
4600,0
4601,3
4602,2
4603,0
4604,2
4605,2
4606,0
4607,1
4608,0
4609,3
4610,0
4611,3
4612,3
4613,1
4614,1
4615,2
4616,4
4617,4
4618,0
4619,0
4620,3
4621,2
4622,1
4623,3
4624,0
4625,4
4626,0
4627,0
4628,4
4629,1
4630,3
4631,3
4632,4
4633,0
4634,1
4635,4
4636,1
4637,3
4638,4
4639,0
4640,2
4641,2
4642,1
4643,2
4644,1
4645,2
4646,2
4647,3
4648,4
4649,1
4650,2
4651,2
4652,4
4653,1
4654,1
4655,4
4656,3
4657,0
4658,3
4659,3
4660,4
4661,2
4662,4
4663,3
4664,1
4665,0
4666,0
4667,2
4668,2
4669,1
4670,4
4671,3
4672,2
4673,2
4674,0
4675,4
4676,3
4677,3
4678,0
4679,2
4680,2
4681,1
4682,2
4683,2
4684,1
4685,4
4686,3
4687,1
4688,4
4689,2
4690,4
4691,1
4692,4
4693,3
4694,1
4695,3
4696,2
4697,1
4698,2
4699,4
4700,1
4701,0
4702,4
4703,4
4704,3
4705,3
4706,4
4707,4
4708,2
4709,3
4710,1
4711,2
4712,0
4713,2
4714,0
4715,4
4716,3
4717,4
4718,0
4719,1
4720,2
4721,0
4722,3
4723,2
4724,0
4725,2
4726,4
4727,2
4728,4
4729,0
4730,3
4731,4
4732,3
4733,1
4734,2
4735,1
4736,3
4737,4
4738,3
4739,1
4740,0
4741,2
4742,1
4743,3
4744,2
4745,4
4746,2
4747,1
4748,1
4749,3
4750,1
4751,2
4752,3
4753,2
4754,3
4755,1
4756,4
4757,1
4758,3
4759,0
4760,3
4761,4
4762,3
4763,2
4764,1
4765,3
4766,4
4767,2
4768,3
4769,2
4770,2
4771,0
4772,4
4773,2
4774,0
4775,0
4776,0
4777,4
4778,0
4779,2
4780,1
4781,4
4782,3
4783,2
4784,0
4785,3
4786,0
4787,2
4788,3
4789,2
4790,0
4791,0
4792,0
4793,2
4794,3
4795,2
4796,2
4797,2
4798,0
4799,0
4800,4
4801,2
4802,4
4803,2
4804,4
4805,3
4806,2
4807,1
4808,1
4809,1
4810,2
4811,0
4812,0
4813,1
4814,3
4815,1
4816,2
4817,3
4818,3
4819,2
4820,0
4821,3
4822,1
4823,0
4824,4
4825,1
4826,1
4827,1
4828,3
4829,0
4830,0
4831,0
4832,0
4833,3
4834,2
4835,3
4836,4
4837,0
4838,3
4839,0
4840,2
4841,2
4842,4
4843,0
4844,4
4845,3
4846,1
4847,2
4848,4
4849,4
4850,3
4851,1
4852,2
4853,2
4854,1
4855,4
4856,1
4857,2
4858,3
4859,1
4860,0
4861,3
4862,2
4863,2
4864,1
4865,4
4866,1
4867,0
4868,1
4869,0
4870,3
4871,1
4872,4
4873,4
4874,0
4875,1
4876,0
4877,3
4878,1
4879,2
4880,1
4881,4
4882,3
4883,4
4884,3
4885,0
4886,1
4887,4
4888,3
4889,2
4890,0
4891,4
4892,2
4893,2
4894,0
4895,3
4896,3
4897,1
4898,2
4899,2
4900,3
4901,3
4902,3
4903,0
4904,3
4905,0
4906,1
4907,3
4908,3
4909,3
4910,0
4911,0
4912,3
4913,1
4914,3
4915,3
4916,4
4917,3
4918,4
4919,2
4920,1
4921,1
4922,2
4923,4
4924,1
4925,1
4926,2
4927,1
4928,4
4929,0
4930,1
4931,1
4932,0
4933,3
4934,4
4935,1
4936,4
4937,2
4938,3
4939,4
4940,3
4941,1
4942,0
4943,3
4944,1
4945,2
4946,3
4947,0
4948,1
4949,0
4950,1
4951,3
4952,1
4953,4
4954,2
4955,4
4956,4
4957,0
4958,0
4959,0
4960,0
4961,1
4962,4
4963,0
4964,4
4965,1
4966,0
4967,1
4968,4
4969,4
4970,1
4971,3
4972,2
4973,2
4974,2
4975,2
4976,3
4977,3
4978,2
4979,0
4980,0
4981,0
4982,0
4983,4
4984,2
4985,4
4986,3
4987,4
4988,3
4989,2
4990,0
4991,4
4992,3
4993,1
4994,4
4995,3
4996,0
4997,1
4998,0
4999,4
5000,1
5001,3
5002,0
5003,2
5004,3
5005,2
5006,1
5007,1
5008,1
5009,2
5010,2
5011,1
5012,1
5013,3
5014,3
5015,1
5016,0
5017,0
5018,2
5019,4
5020,1
5021,2
5022,4
5023,0
5024,3
5025,1
5026,4
5027,2
5028,1
5029,0
5030,1
5031,3
5032,4
5033,2
5034,4
5035,3
5036,0
5037,4
5038,4
5039,4
5040,1
5041,0
5042,4
5043,0
5044,3
5045,3
5046,0
5047,2
5048,3
5049,3
5050,3
5051,3
5052,0
5053,4
5054,4
5055,0
5056,1
5057,0
5058,1
5059,3
5060,2
5061,0
5062,4
5063,1
5064,1
5065,1
5066,3
5067,4
5068,1
5069,4
5070,2
5071,1
5072,2
5073,0
5074,2
5075,4
5076,4
5077,0
5078,0
5079,0
5080,2
5081,3
5082,0
5083,4
5084,1
5085,0
5086,4
5087,2
5088,2
5089,1
5090,4
5091,2
5092,0
5093,1
5094,2
5095,1
5096,2
5097,0
5098,0
5099,1
5100,1
5101,0
5102,4
5103,2
5104,4
5105,4
5106,2
5107,4
5108,0
5109,0
5110,2
5111,3
5112,0
5113,2
5114,3
5115,0
5116,3
5117,4
5118,0
5119,2
5120,4
5121,2
5122,1
5123,3
5124,1
5125,0
5126,1
5127,2
5128,4
5129,3
5130,2
5131,2
5132,1
5133,4
5134,1
5135,4
5136,1
5137,4
5138,0
5139,1
5140,0
5141,0
5142,4
5143,2
5144,4
5145,2
5146,1
5147,0
5148,2
5149,2
5150,0
5151,2
5152,1
5153,3
5154,2
5155,3
5156,1
5157,4
5158,2
5159,4
5160,4
5161,2
5162,1
5163,0
5164,0
5165,2
5166,0
5167,3
5168,4
5169,2
5170,2
5171,4
5172,2
5173,1
5174,4
5175,4
5176,3
5177,4
5178,3
5179,1
5180,2
5181,0
5182,1
5183,2
5184,4
5185,3
5186,3
5187,0
5188,0
5189,2
5190,4
5191,2
5192,4
5193,1
5194,3
5195,2
5196,0
5197,0
5198,3
5199,4
5200,2
5201,3
5202,0
5203,4
5204,1
5205,4
5206,0
5207,3
5208,1
5209,3
5210,2
5211,3
5212,1
5213,0
5214,1
5215,0
5216,4
5217,0
5218,1
5219,3
5220,0
5221,0
5222,0
5223,1
5224,0
5225,3
5226,4
5227,1
5228,4
5229,2
5230,1
5231,2
5232,4
5233,1
5234,3
5235,0
5236,2
5237,2
5238,1
5239,1
5240,0
5241,0
5242,3
5243,1
5244,2
5245,2
5246,2
5247,4
5248,3
5249,3
5250,2
5251,4
5252,1
5253,1
5254,2
5255,3
5256,4
5257,0
5258,3
5259,4
5260,1
5261,4
5262,0
5263,0
5264,4
5265,2
5266,3
5267,4
5268,0
5269,3
5270,1
5271,1
5272,2
5273,0
5274,1
5275,2
5276,1
5277,0
5278,2
5279,2
5280,4
5281,0
5282,4
5283,4
5284,0
5285,0
5286,1
5287,2
5288,1
5289,1
5290,1
5291,3
5292,2
5293,1
5294,0
5295,0
5296,3
5297,2
5298,1
5299,4
5300,0
5301,0
5302,0
5303,3
5304,3
5305,2
5306,1
5307,2
5308,4
5309,1
5310,1
5311,0
5312,2
5313,1
5314,4
5315,4
5316,0
5317,4
5318,3
5319,4
5320,0
5321,2
5322,0
5323,2
5324,2
5325,3
5326,1
5327,4
5328,0
5329,3
5330,0
5331,2
5332,3
5333,1
5334,4
5335,1
5336,0
5337,3
5338,3
5339,2
5340,3
5341,0
5342,2
5343,4
5344,4
5345,4
5346,4
5347,4
5348,0
5349,2
5350,2
5351,4
5352,4
5353,2
5354,4
5355,1
5356,0
5357,2
5358,4
5359,3
5360,3
5361,1
5362,0
5363,1
5364,4
5365,0
5366,0
5367,0
5368,2
5369,1
5370,4
5371,1
5372,1
5373,3
5374,4
5375,2
5376,1
5377,4
5378,3
5379,1
5380,4
5381,0
5382,4
5383,1
5384,4
5385,3
5386,2
5387,2
5388,0
5389,4
5390,4
5391,1
5392,2
5393,0
5394,2
5395,4
5396,3
5397,1
5398,3
5399,1
5400,0
5401,2
5402,4
5403,1
5404,3
5405,3
5406,1
5407,0
5408,4
5409,0
5410,0
5411,3
5412,3
5413,0
5414,3
5415,2
5416,1
5417,4
5418,1
5419,2
5420,0
5421,1
5422,1
5423,4
5424,4
5425,1
5426,0
5427,3
5428,2
5429,2
5430,1
5431,4
5432,0
5433,2
5434,1
5435,2
5436,1
5437,0
5438,2
5439,4
5440,0
5441,2
5442,1
5443,4
5444,2
5445,4
5446,0
5447,2
5448,4
5449,2
5450,2
5451,1
5452,0
5453,0
5454,0
5455,4
5456,4
5457,4
5458,3
5459,1
5460,2
5461,1
5462,3
5463,0
5464,2
5465,2
5466,0
5467,2
5468,3
5469,2
5470,0
5471,3
5472,2
5473,4
5474,1
5475,0
5476,4
5477,1
5478,0
5479,2
5480,0
5481,0
5482,3
5483,2
5484,1
5485,3
5486,2
5487,1
5488,4
5489,2
5490,4
5491,0
5492,2
5493,2
5494,2
5495,3
5496,0
5497,0
5498,0
5499,0
5500,3
5501,1
5502,2
5503,1
5504,3
5505,2
5506,0
5507,2
5508,2
5509,0
5510,1
5511,2
5512,2
5513,3
5514,1
5515,4
5516,0
5517,2
5518,0
5519,2
5520,0
5521,1
5522,3
5523,4
5524,3
5525,1
5526,1
5527,1
5528,4
5529,3
5530,3
5531,0
5532,0
5533,3
5534,2
5535,1
5536,3
5537,1
5538,1
5539,0
5540,3
5541,0
5542,2
5543,2
5544,3
5545,4
5546,2
5547,4
5548,1
5549,3
5550,2
5551,2
5552,4
5553,3
5554,3
5555,1
5556,2
5557,2
5558,1
5559,4
5560,1
5561,3
5562,1
5563,3
5564,1
5565,0
5566,4
5567,1
5568,2
5569,1
5570,0
5571,3
5572,1
5573,4
5574,1
5575,3
5576,0
5577,3
5578,0
5579,2
5580,4
5581,0
5582,3
5583,1
5584,0
5585,0
5586,1
5587,0
5588,0
5589,2
5590,0
5591,4
5592,0
5593,4
5594,2
5595,2
5596,2
5597,4
5598,3
5599,3
5600,2
5601,1
5602,3
5603,4
5604,2
5605,4
5606,4
5607,1
5608,0
5609,3
5610,3
5611,3
5612,1
5613,2
5614,2
5615,4
5616,0
5617,2
5618,2
5619,2
5620,0
5621,2
5622,2
5623,4
5624,3
5625,0
5626,2
5627,2
5628,4
5629,3
5630,2
5631,2
5632,2
5633,3
5634,0
5635,4
5636,1
5637,3
5638,1
5639,3
5640,4
5641,0
5642,2
5643,2
5644,3
5645,4
5646,1
5647,1
5648,0
5649,4
5650,2
5651,2
5652,1
5653,1
5654,1
5655,4
5656,3
5657,0
5658,0
5659,2
5660,4
5661,2
5662,2
5663,2
5664,3
5665,2
5666,4
5667,4
5668,1
5669,1
5670,1
5671,0
5672,3
5673,2
5674,1
5675,4
5676,3
5677,4
5678,2
5679,3
5680,2
5681,3
5682,1
5683,3
5684,0
5685,4
5686,0
5687,2
5688,3
5689,1
5690,1
5691,2
5692,2
5693,1
5694,1
5695,0
5696,3
5697,3
5698,1
5699,1
5700,3
5701,1
5702,4
5703,0
5704,0
5705,3
5706,2
5707,4
5708,1
5709,0
5710,0
5711,4
5712,1
5713,1
5714,3
5715,2
5716,2
5717,1
5718,1
5719,4
5720,2
5721,0
5722,4
5723,1
5724,4
5725,2
5726,0
5727,0
5728,4
5729,2
5730,3
5731,1
5732,1
5733,2
5734,0
5735,2
5736,1
5737,0
5738,1
5739,0
5740,0
5741,0
5742,4
5743,2
5744,0
5745,1
5746,0
5747,2
5748,1
5749,1
5750,3
5751,3
5752,2
5753,1
5754,0
5755,1
5756,0
5757,1
5758,0
5759,4
5760,3
5761,3
5762,2
5763,2
5764,0
5765,0
5766,2
5767,0
5768,0
5769,0
5770,3
5771,3
5772,1
5773,1
5774,1
5775,2
5776,0
5777,0
5778,3
5779,4
5780,3
5781,1
5782,2
5783,4
5784,3
5785,4
5786,0
5787,4
5788,1
5789,3
5790,2
5791,1
5792,2
5793,0
5794,1
5795,4
5796,1
5797,4
5798,4
5799,3
5800,2
5801,1
5802,2
5803,2
5804,1
5805,1
5806,3
5807,2
5808,4
5809,1
5810,1
5811,2
5812,1
5813,0
5814,3
5815,4
5816,4
5817,2
5818,2
5819,3
5820,0
5821,2
5822,1
5823,1
5824,2
5825,0
5826,0
5827,0
5828,1
5829,1
5830,3
5831,2
5832,2
5833,3
5834,2
5835,3
5836,4
5837,2
5838,0
5839,4
5840,1
5841,2
5842,4
5843,3
5844,3
5845,1
5846,2
5847,4
5848,4
5849,3
5850,0
5851,0
5852,0
5853,3
5854,1
5855,2
5856,1
5857,3
5858,4
5859,1
5860,4
5861,3
5862,3
5863,1
5864,1
5865,1
5866,4
5867,0
5868,1
5869,2
5870,3
5871,3
5872,4
5873,0
5874,0
5875,3
5876,3
5877,4
5878,3
5879,2
5880,3
5881,1
5882,4
5883,4
5884,1
5885,3
5886,0
5887,0
5888,2
5889,3
5890,1
5891,0
5892,4
5893,0
5894,3
5895,4
5896,0
5897,1
5898,3
5899,3
5900,4
5901,2
5902,2
5903,1
5904,2
5905,2
5906,1
5907,2
5908,0
5909,1
5910,0
5911,0
5912,1
5913,3
5914,4
5915,1
5916,4
5917,1
5918,2
5919,1
5920,4
5921,4
5922,1
5923,3
5924,0
5925,1
5926,3
5927,1
5928,2
5929,4
5930,2
5931,3
5932,0
5933,1
5934,2
5935,4
5936,4
5937,4
5938,4
5939,0
5940,4
5941,1
5942,4
5943,0
5944,0
5945,1
5946,3
5947,4
5948,4
5949,1
5950,0
5951,3
5952,0
5953,1
5954,0
5955,3
5956,2
5957,1
5958,3
5959,1
5960,1
5961,2
5962,4
5963,4
5964,0
5965,2
5966,0
5967,2
5968,3
5969,4
5970,2
5971,4
5972,2
5973,4
5974,1
5975,3
5976,4
5977,4
5978,3
5979,0
5980,0
5981,2
5982,0
5983,4
5984,3
5985,0
5986,0
5987,0
5988,2
5989,3
5990,4
5991,3
5992,0
5993,2
5994,0
5995,3
5996,4
5997,0
5998,3
5999,1
6000,2
6001,2
6002,3
6003,2
6004,1
6005,0
6006,1
6007,2
6008,3
6009,4
6010,3
6011,2
6012,2
6013,3
6014,0
6015,2
6016,0
6017,1
6018,2
6019,1
6020,1
6021,1
6022,1
6023,4
6024,3
6025,4
6026,4
6027,3
6028,1
6029,3
6030,1
6031,1
6032,2
6033,3
6034,0
6035,1
6036,1
6037,1
6038,1
6039,2
6040,3
6041,1
6042,3
6043,0
6044,0
6045,2
6046,2
6047,2
6048,3
6049,4
6050,2
6051,3
6052,3
6053,0
6054,0
6055,4
6056,2
6057,4
6058,2
6059,1
6060,2
6061,3
6062,3
6063,3
6064,2
6065,1
6066,4
6067,2
6068,4
6069,0
6070,1
6071,3
6072,4
6073,3
6074,3
6075,1
6076,4
6077,3
6078,0
6079,0
6080,4
6081,3
6082,0
6083,4
6084,0
6085,2
6086,1
6087,1
6088,4
6089,4
6090,4
6091,2
6092,3
6093,3
6094,2
6095,2
6096,1
6097,0
6098,3
6099,4
6100,3
6101,0
6102,3
6103,4
6104,2
6105,2
6106,4
6107,4
6108,2
6109,1
6110,2
6111,0
6112,0
6113,2
6114,0
6115,4
6116,1
6117,2
6118,3
6119,3
6120,4
6121,0
6122,1
6123,0
6124,3
6125,4
6126,3
6127,2
6128,0
6129,3
6130,2
6131,3
6132,0
6133,0
6134,0
6135,4
6136,0
6137,0
6138,4
6139,4
6140,3
6141,2
6142,2
6143,2
6144,1
6145,0
6146,0
6147,1
6148,0
6149,1
6150,4
6151,2
6152,3
6153,1
6154,0
6155,3
6156,4
6157,3
6158,3
6159,2
6160,0
6161,3
6162,3
6163,2
6164,0
6165,1
6166,2
6167,1
6168,4
6169,2
6170,0
6171,4
6172,3
6173,4
6174,0
6175,1
6176,2
6177,2
6178,3
6179,3
6180,4
6181,2
6182,0
6183,3
6184,3
6185,3
6186,4
6187,4
6188,4
6189,4
6190,1
6191,1
6192,3
6193,1
6194,0
6195,1
6196,0
6197,3
6198,2
6199,4
6200,4
6201,1
6202,2
6203,1
6204,4
6205,3
6206,3
6207,4
6208,0
6209,2
6210,0
6211,2
6212,4
6213,3
6214,0
6215,4
6216,1
6217,1
6218,3
6219,1
6220,4
6221,2
6222,4
6223,2
6224,2
6225,1
6226,4
6227,4
6228,2
6229,1
6230,4
6231,1
6232,1
6233,2
6234,4
6235,4
6236,0
6237,2
6238,4
6239,3
6240,0
6241,3
6242,0
6243,0
6244,4
6245,2
6246,2
6247,3
6248,0
6249,0
6250,0
6251,0
6252,2
6253,4
6254,1
6255,3
6256,1
6257,1
6258,2
6259,1
6260,3
6261,1
6262,0
6263,0
6264,4
6265,3
6266,2
6267,0
6268,1
6269,0
6270,0
6271,1
6272,0
6273,1
6274,0
6275,3
6276,0
6277,3
6278,4
6279,2
6280,2
6281,0
6282,4
6283,0
6284,2
6285,3
6286,2
6287,2
6288,4
6289,1
6290,4
6291,4
6292,4
6293,1
6294,2
6295,0
6296,1
6297,3
6298,0
6299,4
6300,1
6301,2
6302,3
6303,2
6304,4
6305,1
6306,1
6307,2
6308,1
6309,4
6310,4
6311,3
6312,1
6313,0
6314,0
6315,4
6316,1
6317,2
6318,2
6319,1
6320,3
6321,2
6322,4
6323,1
6324,1
6325,3
6326,1
6327,4
6328,3
6329,1
6330,3
6331,4
6332,1
6333,1
6334,0
6335,0
6336,2
6337,1
6338,0
6339,4
6340,1
6341,4
6342,3
6343,3
6344,2
6345,2
6346,3
6347,3
6348,4
6349,1
6350,4
6351,4
6352,1
6353,1
6354,1
6355,3
6356,4
6357,1
6358,4
6359,3
6360,4
6361,2
6362,4
6363,1
6364,0
6365,0
6366,2
6367,0
6368,3
6369,0
6370,4
6371,3
6372,3
6373,2
6374,1
6375,3
6376,4
6377,1
6378,3
6379,3
6380,4
6381,1
6382,3
6383,4
6384,1
6385,0
6386,1
6387,1
6388,3
6389,0
6390,4
6391,1
6392,1
6393,2
6394,0
6395,3
6396,0
6397,3
6398,3
6399,4
6400,4
6401,4
6402,0
6403,4
6404,1
6405,2
6406,0
6407,2
6408,1
6409,2
6410,2
6411,2
6412,4
6413,4
6414,1
6415,0
6416,4
6417,1
6418,2
6419,3
6420,3
6421,0
6422,3
6423,2
6424,4
6425,4
6426,2
6427,4
6428,4
6429,4
6430,3
6431,4
6432,4
6433,4
6434,1
6435,2
6436,1
6437,4
6438,4
6439,4
6440,1
6441,2
6442,4
6443,2
6444,2
6445,4
6446,1
6447,3
6448,1
6449,4
6450,2
6451,1
6452,4
6453,4
6454,1
6455,3
6456,2
6457,2
6458,0
6459,3
6460,0
6461,3
6462,2
6463,1
6464,3
6465,0
6466,4
6467,3
6468,4
6469,2
6470,4
6471,2
6472,2
6473,3
6474,1
6475,1
6476,3
6477,1
6478,1
6479,1
6480,4
6481,0
6482,3
6483,2
6484,3
6485,3
6486,1
6487,0
6488,3
6489,2
6490,2
6491,0
6492,2
6493,0
6494,4
6495,1
6496,1
6497,4
6498,0
6499,2
6500,4
6501,3
6502,0
6503,4
6504,4
6505,3
6506,0
6507,4
6508,3
6509,4
6510,3
6511,1
6512,1
6513,3
6514,4
6515,3
6516,0
6517,0
6518,0
6519,3
6520,4
6521,3
6522,1
6523,0
6524,4
6525,0
6526,1
6527,1
6528,0
6529,2
6530,4
6531,4
6532,4
6533,0
6534,0
6535,4
6536,1
6537,0
6538,1
6539,0
6540,2
6541,2
6542,2
6543,2
6544,2
6545,4
6546,1
6547,1
6548,1
6549,4
6550,1
6551,1
6552,3
6553,3
6554,0
6555,3
6556,0
6557,3
6558,1
6559,0
6560,3
6561,3
6562,0
6563,3
6564,2
6565,3
6566,1
6567,2
6568,4
6569,4
6570,0
6571,1
6572,1
6573,0
6574,1
6575,3
6576,2
6577,1
6578,4
6579,3
6580,2
6581,4
6582,1
6583,4
6584,2
6585,1
6586,3
6587,4
6588,2
6589,1
6590,2
6591,1
6592,0
6593,4
6594,4
6595,0
6596,2
6597,0
6598,3
6599,4
6600,2
6601,4
6602,4
6603,3
6604,1
6605,2
6606,0
6607,4
6608,3
6609,4
6610,1
6611,1
6612,2
6613,1
6614,1
6615,3
6616,1
6617,3
6618,1
6619,4
6620,2
6621,1
6622,4
6623,2
6624,3
6625,1
6626,0
6627,3
6628,0
6629,3
6630,1
6631,4
6632,3
6633,0
6634,0
6635,3
6636,1
6637,1
6638,1
6639,2
6640,4
6641,4
6642,2
6643,3
6644,4
6645,4
6646,3
6647,0
6648,0
6649,1
6650,4
6651,4
6652,4
6653,4
6654,1
6655,0
6656,4
6657,1
6658,1
6659,4
6660,3
6661,1
6662,4
6663,3
6664,3
6665,0
6666,1
6667,0
6668,1
6669,4
6670,2
6671,0
6672,4
6673,2
6674,1
6675,3
6676,1
6677,0
6678,4
6679,4
6680,3
6681,3
6682,2
6683,4
6684,2
6685,3
6686,0
6687,4
6688,4
6689,2
6690,1
6691,3
6692,2
6693,0
6694,3
6695,1
6696,0
6697,0
6698,2
6699,3
6700,2
6701,1
6702,0
6703,3
6704,3
6705,0
6706,3
6707,2
6708,0
6709,1
6710,0
6711,4
6712,3
6713,0
6714,2
6715,0
6716,4
6717,2
6718,2
6719,3
6720,2
6721,3
6722,3
6723,2
6724,1
6725,0
6726,1
6727,1
6728,3
6729,2
6730,2
6731,0
6732,0
6733,3
6734,0
6735,3
6736,1
6737,4
6738,1
6739,4
6740,1
6741,3
6742,3
6743,2
6744,4
6745,0
6746,2
6747,3
6748,2
6749,1
6750,4
6751,2
6752,3
6753,3
6754,2
6755,3
6756,1
6757,3
6758,3
6759,1
6760,2
6761,2
6762,2
6763,0
6764,0
6765,1
6766,3
6767,2
6768,1
6769,3
6770,0
6771,4
6772,2
6773,0
6774,3
6775,2
6776,3
6777,0
6778,0
6779,1
6780,0
6781,3
6782,3
6783,2
6784,1
6785,2
6786,0
6787,4
6788,1
6789,1
6790,4
6791,0
6792,2
6793,0
6794,0
6795,4
6796,0
6797,3
6798,3
6799,3
6800,0
6801,2
6802,0
6803,3
6804,1
6805,2
6806,0
6807,0
6808,1
6809,3
6810,4
6811,3
6812,0
6813,3
6814,0
6815,4
6816,4
6817,3
6818,2
6819,2
6820,3
6821,4
6822,1
6823,3
6824,2
6825,1
6826,2
6827,2
6828,4
6829,4
6830,2
6831,4
6832,3
6833,1
6834,3
6835,0
6836,0
6837,4
6838,1
6839,1
6840,1
6841,4
6842,0
6843,2
6844,2
6845,2
6846,0
6847,1
6848,1
6849,0
6850,4
6851,2
6852,3
6853,2
6854,2
6855,3
6856,2
6857,4
6858,3
6859,4
6860,2
6861,0
6862,1
6863,2
6864,1
6865,3
6866,1
6867,2
6868,3
6869,0
6870,1
6871,3
6872,1
6873,4
6874,1
6875,1
6876,3
6877,2
6878,3
6879,0
6880,0
6881,3
6882,4
6883,1
6884,4
6885,1
6886,2
6887,3
6888,4
6889,4
6890,1
6891,2
6892,0
6893,2
6894,0
6895,1
6896,1
6897,3
6898,1
6899,2
6900,1
6901,3
6902,2
6903,4
6904,0
6905,4
6906,0
6907,2
6908,4
6909,2
6910,2
6911,1
6912,0
6913,0
6914,3
6915,3
6916,3
6917,3
6918,2
6919,3
6920,2
6921,0
6922,1
6923,2
6924,0
6925,4
6926,2
6927,0
6928,4
6929,4
6930,2
6931,1
6932,1
6933,1
6934,1
6935,1
6936,0
6937,0
6938,0
6939,2
6940,3
6941,4
6942,3
6943,2
6944,3
6945,2
6946,3
6947,3
6948,0
6949,3
6950,2
6951,0
6952,0
6953,4
6954,1
6955,4
6956,4
6957,3
6958,2
6959,0
6960,4
6961,4
6962,0
6963,3
6964,4
6965,4
6966,2
6967,2
6968,4
6969,4
6970,3
6971,1
6972,1
6973,4
6974,2
6975,4
6976,3
6977,2
6978,4
6979,3
6980,0
6981,3
6982,0
6983,0
6984,0
6985,2
6986,2
6987,0
6988,0
6989,0
6990,1
6991,4
6992,0
6993,1
6994,1
6995,0
6996,3
6997,4
6998,4
6999,4
7000,3
7001,2
7002,1
7003,2
7004,2
7005,2
7006,3
7007,1
7008,2
7009,3
7010,1
7011,0
7012,2
7013,4
7014,1
7015,4
7016,4
7017,0
7018,1
7019,3
7020,4
7021,2
7022,4
7023,0
7024,1
7025,4
7026,0
7027,1
7028,4
7029,1
7030,0
7031,2
7032,2
7033,3
7034,1
7035,3
7036,4
7037,0
7038,3
7039,1
7040,4
7041,0
7042,3
7043,3
7044,4
7045,3
7046,4
7047,1
7048,0
7049,2
7050,0
7051,1
7052,1
7053,3
7054,3
7055,1
7056,1
7057,4
7058,4
7059,2
7060,4
7061,0
7062,0
7063,2
7064,4
7065,4
7066,1
7067,3
7068,0
7069,4
7070,1
7071,1
7072,3
7073,0
7074,1
7075,3
7076,1
7077,3
7078,3
7079,0
7080,1
7081,1
7082,1
7083,1
7084,3
7085,3
7086,4
7087,4
7088,0
7089,4
7090,4
7091,1
7092,2
7093,1
7094,2
7095,0
7096,1
7097,4
7098,4
7099,0
7100,3
7101,4
7102,1
7103,4
7104,0
7105,1
7106,2
7107,0
7108,2
7109,3
7110,3
7111,4
7112,0
7113,1
7114,2
7115,1
7116,0
7117,4
7118,4
7119,0
7120,0
7121,4
7122,0
7123,3
7124,2
7125,0
7126,2
7127,4
7128,1
7129,2
7130,2
7131,3
7132,2
7133,3
7134,4
7135,0
7136,3
7137,2
7138,4
7139,3
7140,2
7141,0
7142,0
7143,1
7144,0
7145,4
7146,2
7147,0
7148,2
7149,4
7150,0
7151,0
7152,4
7153,2
7154,3
7155,0
7156,3
7157,3
7158,1
7159,1
7160,0
7161,1
7162,1
7163,1
7164,4
7165,0
7166,4
7167,0
7168,4
7169,1
7170,1
7171,2
7172,2
7173,2
7174,4
7175,3
7176,2
7177,4
7178,3
7179,2
7180,4
7181,2
7182,3
7183,2
7184,3
7185,0
7186,2
7187,3
7188,0
7189,0
7190,4
7191,4
7192,1
7193,0
7194,2
7195,2
7196,0
7197,2
7198,1
7199,4
7200,2
7201,4
7202,1
7203,0
7204,2
7205,1
7206,3
7207,1
7208,4
7209,1
7210,4
7211,4
7212,3
7213,3
7214,1
7215,0
7216,1
7217,3
7218,0
7219,3
7220,4
7221,3
7222,4
7223,2
7224,4
7225,2
7226,3
7227,3
7228,4
7229,1
7230,4
7231,3
7232,4
7233,4
7234,0
7235,2
7236,4
7237,3
7238,4
7239,1
7240,4
7241,3
7242,2
7243,3
7244,2
7245,0
7246,3
7247,2
7248,3
7249,1
7250,1
7251,1
7252,2
7253,4
7254,1
7255,2
7256,1
7257,3
7258,2
7259,1
7260,0
7261,2
7262,1
7263,4
7264,1
7265,2
7266,0
7267,3
7268,3
7269,2
7270,1
7271,1
7272,0
7273,2
7274,2
7275,2
7276,0
7277,3
7278,3
7279,3
7280,3
7281,4
7282,3
7283,0
7284,4
7285,3
7286,4
7287,2
7288,1
7289,3
7290,3
7291,4
7292,3
7293,2
7294,2
7295,3
7296,2
7297,3
7298,0
7299,0
7300,2
7301,3
7302,2
7303,0
7304,1
7305,4
7306,2
7307,4
7308,3
7309,2
7310,0
7311,0
7312,4
7313,4
7314,0
7315,0
7316,2
7317,4
7318,2
7319,4
7320,2
7321,4
7322,0
7323,2
7324,0
7325,3
7326,0
7327,4
7328,3
7329,4
7330,2
7331,0
7332,2
7333,2
7334,4
7335,3
7336,4
7337,1
7338,3
7339,3
7340,2
7341,3
7342,0
7343,3
7344,3
7345,0
7346,1
7347,0
7348,2
7349,2
7350,1
7351,2
7352,1
7353,1
7354,0
7355,4
7356,4
7357,4
7358,4
7359,2
7360,2
7361,0
7362,4
7363,3
7364,2
7365,3
7366,3
7367,4
7368,4
7369,0
7370,0
7371,4
7372,4
7373,3
7374,2
7375,1
7376,0
7377,3
7378,0
7379,1
7380,1
7381,3
7382,1
7383,2
7384,2
7385,3
7386,2
7387,2
7388,2
7389,2
7390,1
7391,2
7392,2
7393,0
7394,4
7395,1
7396,2
7397,2
7398,3
7399,2
7400,3
7401,3
7402,3
7403,0
7404,1
7405,1
7406,4
7407,3
7408,0
7409,1
7410,2
7411,2
7412,3
7413,4
7414,3
7415,2
7416,0
7417,1
7418,4
7419,4
7420,3
7421,4
7422,1
7423,0
7424,0
7425,0
7426,0
7427,0
7428,1
7429,3
7430,4
7431,4
7432,4
7433,0
7434,4
7435,1
7436,1
7437,4
7438,0
7439,4
7440,0
7441,2
7442,0
7443,0
7444,0
7445,4
7446,4
7447,0
7448,1
7449,2
7450,0
7451,4
7452,4
7453,0
7454,4
7455,1
7456,3
7457,3
7458,1
7459,2
7460,3
7461,1
7462,2
7463,4
7464,4
7465,3
7466,2
7467,2
7468,3
7469,4
7470,2
7471,2
7472,0
7473,3
7474,4
7475,0
7476,4
7477,0
7478,2
7479,3
7480,4
7481,3
7482,2
7483,2
7484,0
7485,0
7486,4
7487,1
7488,4
7489,2
7490,1
7491,0
7492,3
7493,3
7494,0
7495,1
7496,0
7497,4
7498,2
7499,1
7500,3
7501,1
7502,3
7503,2
7504,0
7505,3
7506,2
7507,4
7508,1
7509,0
7510,0
7511,4
7512,2
7513,3
7514,0
7515,2
7516,3
7517,1
7518,0
7519,0
7520,0
7521,3
7522,4
7523,1
7524,1
7525,2
7526,1
7527,3
7528,2
7529,1
7530,2
7531,2
7532,0
7533,1
7534,4
7535,2
7536,3
7537,0
7538,4
7539,0
7540,1
7541,2
7542,2
7543,1
7544,3
7545,4
7546,4
7547,0
7548,4
7549,3
7550,3
7551,4
7552,2
7553,2
7554,4
7555,1
7556,2
7557,1
7558,2
7559,2
7560,1
7561,1
7562,1
7563,0
7564,1
7565,4
7566,2
7567,1
7568,0
7569,0
7570,2
7571,2
7572,1
7573,2
7574,4
7575,1
7576,3
7577,4
7578,2
7579,0
7580,2
7581,1
7582,0
7583,0
7584,3
7585,2
7586,0
7587,3
7588,2
7589,1
7590,1
7591,0
7592,0
7593,2
7594,1
7595,3
7596,0
7597,2
7598,2
7599,1
7600,0
7601,0
7602,2
7603,1
7604,3
7605,2
7606,2
7607,2
7608,0
7609,3
7610,1
7611,3
7612,2
7613,1
7614,3
7615,1
7616,4
7617,2
7618,3
7619,0
7620,4
7621,4
7622,4
7623,3
7624,2
7625,1
7626,2
7627,3
7628,3
7629,0
7630,1
7631,0
7632,3
7633,1
7634,3
7635,3
7636,4
7637,2
7638,4
7639,3
7640,1
7641,2
7642,0
7643,2
7644,0
7645,2
7646,4
7647,1
7648,1
7649,1
7650,3
7651,3
7652,1
7653,2
7654,0
7655,3
7656,1
7657,4
7658,1
7659,3
7660,4
7661,4
7662,3
7663,1
7664,0
7665,1
7666,4
7667,1
7668,4
7669,2
7670,1
7671,0
7672,0
7673,1
7674,3
7675,2
7676,3
7677,0
7678,3
7679,4
7680,4
7681,1
7682,3
7683,4
7684,1
7685,3
7686,3
7687,0
7688,4
7689,0
7690,2
7691,3
7692,1
7693,0
7694,2
7695,2
7696,2
7697,0
7698,3
7699,1
7700,0
7701,0
7702,3
7703,4
7704,1
7705,0
7706,4
7707,1
7708,3
7709,1
7710,4
7711,4
7712,0
7713,3
7714,4
7715,4
7716,3
7717,1
7718,2
7719,3
7720,2
7721,2
7722,0
7723,3
7724,3
7725,4
7726,2
7727,3
7728,1
7729,2
7730,2
7731,2
7732,2
7733,1
7734,0
7735,1
7736,2
7737,1
7738,3
7739,3
7740,4
7741,3
7742,3
7743,1
7744,2
7745,0
7746,2
7747,0
7748,4
7749,1
7750,4
7751,0
7752,1
7753,0
7754,2
7755,0
7756,4
7757,2
7758,2
7759,0
7760,0
7761,3
7762,2
7763,3
7764,4
7765,4
7766,3
7767,3
7768,2
7769,0
7770,0
7771,1
7772,3
7773,1
7774,1
7775,0
7776,4
7777,4
7778,2
7779,1
7780,2
7781,1
7782,3
7783,0
7784,3
7785,4
7786,3
7787,0
7788,1
7789,4
7790,1
7791,1
7792,1
7793,1
7794,2
7795,0
7796,0
7797,4
7798,3
7799,2
7800,4
7801,3
7802,2
7803,0
7804,3
7805,1
7806,4
7807,3
7808,4
7809,1
7810,4
7811,3
7812,2
7813,1
7814,0
7815,2
7816,1
7817,4
7818,2
7819,0
7820,3
7821,4
7822,3
7823,0
7824,3
7825,0
7826,0
7827,0
7828,1
7829,2
7830,2
7831,1
7832,4
7833,0
7834,0
7835,1
7836,4
7837,0
7838,3
7839,0
7840,0
7841,0
7842,3
7843,2
7844,4
7845,2
7846,1
7847,0
7848,4
7849,2
7850,4
7851,2
7852,1
7853,2
7854,3
7855,0
7856,4
7857,4
7858,0
7859,2
7860,2
7861,1
7862,1
7863,3
7864,2
7865,4
7866,0
7867,2
7868,3
7869,2
7870,3
7871,0
7872,3
7873,2
7874,0
7875,3
7876,0
7877,1
7878,2
7879,0
7880,3
7881,3
7882,4
7883,3
7884,0
7885,4
7886,4
7887,3
7888,2
7889,4
7890,4
7891,4
7892,3
7893,0
7894,1
7895,3
7896,0
7897,3
7898,4
7899,0
7900,0
7901,4
7902,0
7903,1
7904,2
7905,4
7906,1
7907,4
7908,0
7909,1
7910,1
7911,2
7912,0
7913,1
7914,0
7915,3
7916,0
7917,4
7918,2
7919,4
7920,1
7921,1
7922,2
7923,4
7924,2
7925,4
7926,1
7927,3
7928,3
7929,2
7930,4
7931,0
7932,4
7933,0
7934,1
7935,1
7936,0
7937,2
7938,4
7939,4
7940,1
7941,2
7942,1
7943,4
7944,4
7945,1
7946,2
7947,1
7948,4
7949,1
7950,2
7951,2
7952,1
7953,0
7954,3
7955,4
7956,0
7957,3
7958,3
7959,4
7960,1
7961,2
7962,2
7963,3
7964,4
7965,0
7966,3
7967,4
7968,1
7969,0
7970,3
7971,2
7972,3
7973,3
7974,4
7975,4
7976,2
7977,0
7978,0
7979,4
7980,1
7981,1
7982,0
7983,1
7984,2
7985,3
7986,1
7987,3
7988,3
7989,0
7990,3
7991,3
7992,4
7993,1
7994,2
7995,0
7996,3
7997,0
7998,0
7999,2
8000,2
8001,2
8002,0
8003,0
8004,4
8005,1
8006,4
8007,2
8008,1
8009,0
8010,2
8011,4
8012,1
8013,1
8014,4
8015,4
8016,1
8017,0
8018,0
8019,0
8020,2
8021,4
8022,0
8023,1
8024,2
8025,3
8026,3
8027,4
8028,1
8029,4
8030,0
8031,1
8032,0
8033,4
8034,3
8035,4
8036,0
8037,0
8038,2
8039,0
8040,4
8041,2
8042,2
8043,3
8044,0
8045,1
8046,2
8047,4
8048,3
8049,4
8050,2
8051,1
8052,1
8053,1
8054,4
8055,2
8056,3
8057,4
8058,0
8059,2
8060,2
8061,3
8062,1
8063,1
8064,1
8065,1
8066,2
8067,0
8068,4
8069,1
8070,0
8071,2
8072,3
8073,0
8074,0
8075,4
8076,1
8077,3
8078,3
8079,2
8080,2
8081,1
8082,0
8083,0
8084,0
8085,1
8086,4
8087,4
8088,2
8089,4
8090,3
8091,1
8092,4
8093,3
8094,1
8095,3
8096,4
8097,2
8098,3
8099,0
8100,2
8101,0
8102,2
8103,4
8104,2
8105,2
8106,1
8107,1
8108,2
8109,3
8110,0
8111,0
8112,4
8113,0
8114,1
8115,3
8116,4
8117,3
8118,1
8119,4
8120,2
8121,4
8122,1
8123,1
8124,4
8125,0
8126,1
8127,0
8128,1
8129,4
8130,2
8131,3
8132,1
8133,3
8134,1
8135,3
8136,0
8137,4
8138,3
8139,3
8140,1
8141,3
8142,1
8143,1
8144,2
8145,3
8146,3
8147,2
8148,1
8149,1
8150,0
8151,4
8152,1
8153,0
8154,1
8155,2
8156,3
8157,1
8158,2
8159,3
8160,0
8161,0
8162,0
8163,4
8164,0
8165,2
8166,0
8167,3
8168,0
8169,1
8170,0
8171,0
8172,0
8173,2
8174,1
8175,1
8176,4
8177,0
8178,4
8179,1
8180,0
8181,4
8182,4
8183,4
8184,1
8185,3
8186,1
8187,3
8188,4
8189,2
8190,4
8191,4
8192,1
8193,3
8194,1
8195,1
8196,0
8197,1
8198,2
8199,3
8200,4
8201,1
8202,3
8203,4
8204,4
8205,0
8206,2
8207,1
8208,3
8209,1
8210,1
8211,1
8212,3
8213,1
8214,2
8215,0
8216,0
8217,3
8218,0
8219,1
8220,0
8221,0
8222,1
8223,4
8224,1
8225,0
8226,2
8227,1
8228,1
8229,1
8230,3
8231,1
8232,3
8233,3
8234,1
8235,2
8236,2
8237,2
8238,3
8239,1
8240,4
8241,0
8242,3
8243,2
8244,2
8245,0
8246,2
8247,3
8248,1
8249,4
8250,4
8251,3
8252,0
8253,3
8254,2
8255,4
8256,3
8257,2
8258,0
8259,0
8260,0
8261,4
8262,4
8263,1
8264,4
8265,4
8266,4
8267,0
8268,4
8269,2
8270,3
8271,0
8272,1
8273,2
8274,4
8275,2
8276,0
8277,1
8278,1
8279,2
8280,0
8281,4
8282,1
8283,3
8284,2
8285,2
8286,3
8287,2
8288,2
8289,2
8290,3
8291,1
8292,1
8293,1
8294,4
8295,4
8296,1
8297,3
8298,4
8299,2
8300,3
8301,3
8302,1
8303,3
8304,4
8305,0
8306,4
8307,1
8308,0
8309,4
8310,4
8311,3
8312,4
8313,1
8314,1
8315,0
8316,0
8317,3
8318,4
8319,4
8320,1
8321,0
8322,0
8323,1
8324,3
8325,1
8326,3
8327,0
8328,2
8329,1
8330,3
8331,2
8332,3
8333,0
8334,4
8335,0
8336,0
8337,0
8338,0
8339,4
8340,1
8341,3
8342,2
8343,2
8344,0
8345,4
8346,2
8347,3
8348,4
8349,2
8350,1
8351,2
8352,3
8353,3
8354,0
8355,0
8356,1
8357,4
8358,3
8359,4
8360,0
8361,0
8362,4
8363,0
8364,3
8365,0
8366,2
8367,3
8368,1
8369,1
8370,3
8371,2
8372,0
8373,3
8374,3
8375,3
8376,1
8377,1
8378,4
8379,4
8380,0
8381,2
8382,2
8383,0
8384,2
8385,0
8386,1
8387,4
8388,3
8389,4
8390,2
8391,4
8392,0
8393,1
8394,0
8395,2
8396,3
8397,0
8398,2
8399,2
8400,1
8401,1
8402,2
8403,0
8404,3
8405,4
8406,1
8407,1
8408,3
8409,0
8410,1
8411,2
8412,0
8413,0
8414,1
8415,1
8416,0
8417,0
8418,1
8419,4
8420,3
8421,0
8422,2
8423,3
8424,4
8425,3
8426,3
8427,3
8428,0
8429,0
8430,2
8431,0
8432,1
8433,3
8434,4
8435,4
8436,3
8437,1
8438,0
8439,3
8440,1
8441,1
8442,3
8443,2
8444,3
8445,1
8446,0
8447,0
8448,0
8449,3
8450,2
8451,1
8452,2
8453,3
8454,0
8455,2
8456,2
8457,2
8458,3
8459,4
8460,0
8461,2
8462,0
8463,3
8464,4
8465,2
8466,1
8467,1
8468,2
8469,3
8470,2
8471,3
8472,0
8473,2
8474,0
8475,0
8476,4
8477,0
8478,3
8479,0
8480,3
8481,3
8482,3
8483,0
8484,2
8485,0
8486,0
8487,2
8488,2
8489,3
8490,1
8491,1
8492,3
8493,0
8494,4
8495,2
8496,3
8497,1
8498,4
8499,4
8500,4
8501,3
8502,0
8503,4
8504,4
8505,3
8506,0
8507,2
8508,1
8509,1
8510,4
8511,1
8512,1
8513,1
8514,3
8515,2
8516,1
8517,3
8518,4
8519,3
8520,0
8521,4
8522,0
8523,0
8524,4
8525,3
8526,1
8527,4
8528,1
8529,4
8530,2
8531,2
8532,2
8533,4
8534,3
8535,3
8536,2
8537,0
8538,3
8539,4
8540,4
8541,2
8542,4
8543,3
8544,2
8545,1
8546,1
8547,1
8548,2
8549,2
8550,0
8551,0
8552,1
8553,0
8554,0
8555,0
8556,1
8557,2
8558,0
8559,1
8560,0
8561,3
8562,2
8563,4
8564,3
8565,2
8566,3
8567,3
8568,1
8569,4
8570,2
8571,4
8572,4
8573,4
8574,2
8575,1
8576,1
8577,4
8578,3
8579,0
8580,3
8581,1
8582,3
8583,4
8584,0
8585,1
8586,0
8587,2
8588,0
8589,1
8590,0
8591,4
8592,3
8593,4
8594,1
8595,0
8596,2
8597,1
8598,2
8599,1
8600,2
8601,3
8602,4
8603,1
8604,4
8605,0
8606,4
8607,3
8608,0
8609,1
8610,2
8611,1
8612,0
8613,3
8614,1
8615,4
8616,4
8617,0
8618,3
8619,1
8620,4
8621,2
8622,1
8623,0
8624,0
8625,0
8626,1
8627,3
8628,3
8629,4
8630,2
8631,4
8632,0
8633,4
8634,0
8635,3
8636,1
8637,0
8638,1
8639,4
8640,3
8641,0
8642,1
8643,3
8644,0
8645,1
8646,4
8647,4
8648,0
8649,3
8650,0
8651,2
8652,4
8653,0
8654,1
8655,4
8656,0
8657,4
8658,0
8659,3
8660,2
8661,4
8662,0
8663,1
8664,2
8665,2
8666,2
8667,1
8668,3
8669,3
8670,0
8671,2
8672,1
8673,1
8674,1
8675,4
8676,3
8677,1
8678,1
8679,0
8680,3
8681,1
8682,0
8683,4
8684,3
8685,3
8686,4
8687,3
8688,3
8689,0
8690,4
8691,1
8692,4
8693,4
8694,2
8695,2
8696,4
8697,1
8698,0
8699,1
8700,2
8701,3
8702,2
8703,1
8704,4
8705,0
8706,0
8707,1
8708,2
8709,2
8710,4
8711,2
8712,2
8713,0
8714,3
8715,3
8716,2
8717,1
8718,3
8719,4
8720,2
8721,2
8722,3
8723,0
8724,0
8725,2
8726,0
8727,4
8728,2
8729,2
8730,1
8731,1
8732,1
8733,2
8734,4
8735,3
8736,1
8737,2
8738,4
8739,2
8740,0
8741,4
8742,1
8743,0
8744,0
8745,2
8746,4
8747,3
8748,0
8749,3
8750,3
8751,4
8752,4
8753,1
8754,3
8755,2
8756,1
8757,2
8758,2
8759,1
8760,0
8761,3
8762,2
8763,0
8764,0
8765,3
8766,1
8767,4
8768,2
8769,1
8770,3
8771,2
8772,1
8773,0
8774,0
8775,2
8776,1
8777,3
8778,4
8779,2
8780,3
8781,2
8782,3
8783,0
8784,4
8785,2
8786,1
8787,0
8788,4
8789,2
8790,1
8791,1
8792,4
8793,1
8794,2
8795,3
8796,2
8797,2
8798,1
8799,3
8800,0
8801,1
8802,3
8803,4
8804,4
8805,0
8806,2
8807,1
8808,3
8809,4
8810,2
8811,3
8812,1
8813,3
8814,0
8815,0
8816,3
8817,0
8818,4
8819,3
8820,0
8821,2
8822,1
8823,2
8824,0
8825,0
8826,2
8827,4
8828,1
8829,3
8830,4
8831,4
8832,1
8833,3
8834,2
8835,2
8836,4
8837,0
8838,4
8839,3
8840,3
8841,2
8842,2
8843,3
8844,2
8845,3
8846,2
8847,3
8848,1
8849,0
8850,3
8851,0
8852,0
8853,1
8854,2
8855,4
8856,4
8857,2
8858,1
8859,1
8860,1
8861,4
8862,0
8863,4
8864,2
8865,2
8866,0
8867,4
8868,3
8869,2
8870,2
8871,2
8872,2
8873,0
8874,3
8875,2
8876,4
8877,0
8878,4
8879,2
8880,3
8881,1
8882,1
8883,1
8884,2
8885,1
8886,1
8887,3
8888,2
8889,1
8890,2
8891,1
8892,1
8893,1
8894,2
8895,4
8896,2
8897,1
8898,4
8899,4
8900,3
8901,1
8902,1
8903,3
8904,2
8905,1
8906,0
8907,0
8908,3
8909,0
8910,2
8911,2
8912,3
8913,3
8914,0
8915,0
8916,2
8917,2
8918,0
8919,1
8920,3
8921,0
8922,2
8923,2
8924,2
8925,3
8926,2
8927,1
8928,2
8929,1
8930,1
8931,0
8932,3
8933,0
8934,0
8935,3
8936,0
8937,0
8938,4
8939,0
8940,2
8941,3
8942,0
8943,0
8944,1
8945,4
8946,1
8947,0
8948,3
8949,4
8950,0
8951,3
8952,2
8953,2
8954,3
8955,2
8956,4
8957,0
8958,0
8959,3
8960,0
8961,3
8962,1
8963,1
8964,2
8965,3
8966,1
8967,2
8968,0
8969,0
8970,0
8971,3
8972,4
8973,0
8974,3
8975,4
8976,1
8977,2
8978,3
8979,1
8980,3
8981,1
8982,2
8983,4
8984,0
8985,2
8986,0
8987,2
8988,4
8989,3
8990,0
8991,1
8992,0
8993,0
8994,1
8995,2
8996,4
8997,4
8998,3
8999,0
9000,4
9001,1
9002,0
9003,4
9004,3
9005,3
9006,4
9007,1
9008,4
9009,3
9010,0
9011,4
9012,3
9013,4
9014,3
9015,2
9016,1
9017,3
9018,1
9019,3
9020,3
9021,0
9022,0
9023,0
9024,1
9025,3
9026,0
9027,1
9028,3
9029,2
9030,0
9031,2
9032,0
9033,4
9034,1
9035,0
9036,3
9037,1
9038,0
9039,4
9040,3
9041,3
9042,2
9043,0
9044,0
9045,1
9046,0
9047,4
9048,2
9049,3
9050,4
9051,1
9052,0
9053,3
9054,1
9055,4
9056,3
9057,2
9058,3
9059,3
9060,4
9061,0
9062,4
9063,0
9064,3
9065,2
9066,1
9067,4
9068,1
9069,3
9070,2
9071,2
9072,0
9073,2
9074,3
9075,0
9076,3
9077,2
9078,3
9079,0
9080,4
9081,4
9082,4
9083,3
9084,4
9085,1
9086,4
9087,3
9088,0
9089,0
9090,3
9091,0
9092,3
9093,1
9094,0
9095,2
9096,2
9097,1
9098,1
9099,3
9100,4
9101,0
9102,2
9103,4
9104,4
9105,0
9106,3
9107,3
9108,3
9109,0
9110,4
9111,0
9112,2
9113,3
9114,1
9115,3
9116,3
9117,0
9118,1
9119,2
9120,2
9121,0
9122,1
9123,1
9124,0
9125,3
9126,3
9127,2
9128,1
9129,4
9130,2
9131,2
9132,2
9133,2
9134,3
9135,3
9136,3
9137,1
9138,4
9139,1
9140,4
9141,3
9142,4
9143,1
9144,2
9145,1
9146,2
9147,2
9148,2
9149,4
9150,3
9151,3
9152,1
9153,3
9154,0
9155,0
9156,0
9157,2
9158,1
9159,3
9160,0
9161,4
9162,1
9163,3
9164,1
9165,1
9166,0
9167,4
9168,4
9169,1
9170,3
9171,1
9172,3
9173,0
9174,2
9175,2
9176,0
9177,1
9178,2
9179,0
9180,0
9181,1
9182,4
9183,0
9184,0
9185,3
9186,4
9187,0
9188,1
9189,4
9190,4
9191,2
9192,4
9193,1
9194,0
9195,3
9196,3
9197,3
9198,1
9199,4
9200,2
9201,3
9202,4
9203,2
9204,2
9205,3
9206,1
9207,3
9208,2
9209,2
9210,3
9211,3
9212,2
9213,3
9214,1
9215,1
9216,4
9217,3
9218,1
9219,1
9220,4
9221,3
9222,4
9223,2
9224,3
9225,1
9226,1
9227,0
9228,0
9229,1
9230,3
9231,4
9232,1
9233,0
9234,4
9235,2
9236,1
9237,1
9238,0
9239,4
9240,2
9241,3
9242,4
9243,1
9244,3
9245,2
9246,1
9247,0
9248,0
9249,1
9250,4
9251,2
9252,4
9253,0
9254,4
9255,1
9256,4
9257,0
9258,3
9259,3
9260,0
9261,2
9262,2
9263,4
9264,3
9265,3
9266,3
9267,2
9268,0
9269,1
9270,2
9271,3
9272,2
9273,2
9274,0
9275,2
9276,2
9277,2
9278,1
9279,2
9280,3
9281,0
9282,0
9283,3
9284,0
9285,0
9286,1
9287,1
9288,0
9289,2
9290,2
9291,3
9292,1
9293,1
9294,1
9295,2
9296,1
9297,1
9298,1
9299,4
9300,2
9301,2
9302,2
9303,2
9304,0
9305,2
9306,0
9307,1
9308,1
9309,4
9310,1
9311,2
9312,4
9313,2
9314,1
9315,0
9316,4
9317,0
9318,2
9319,0
9320,2
9321,3
9322,2
9323,0
9324,4
9325,2
9326,0
9327,3
9328,2
9329,1
9330,2
9331,0
9332,3
9333,4
9334,3
9335,1
9336,2
9337,3
9338,0
9339,3
9340,0
9341,4
9342,4
9343,3
9344,1
9345,3
9346,2
9347,3
9348,2
9349,0
9350,3
9351,2
9352,4
9353,2
9354,3
9355,2
9356,4
9357,0
9358,3
9359,1
9360,1
9361,3
9362,4
9363,4
9364,1
9365,1
9366,4
9367,4
9368,2
9369,3
9370,3
9371,1
9372,3
9373,1
9374,1
9375,0
9376,2
9377,4
9378,0
9379,3
9380,2
9381,0
9382,4
9383,1
9384,3
9385,1
9386,0
9387,2
9388,1
9389,2
9390,1
9391,4
9392,4
9393,0
9394,3
9395,3
9396,3
9397,2
9398,1
9399,4
9400,2
9401,3
9402,0
9403,3
9404,2
9405,4
9406,0
9407,0
9408,3
9409,3
9410,4
9411,2
9412,0
9413,3
9414,0
9415,2
9416,4
9417,3
9418,2
9419,3
9420,1
9421,3
9422,0
9423,0
9424,2
9425,0
9426,2
9427,2
9428,1
9429,1
9430,0
9431,3
9432,0
9433,3
9434,2
9435,1
9436,2
9437,0
9438,0
9439,4
9440,2
9441,3
9442,3
9443,2
9444,2
9445,2
9446,2
9447,2
9448,0
9449,2
9450,2
9451,3
9452,1
9453,3
9454,4
9455,0
9456,4
9457,4
9458,4
9459,0
9460,0
9461,2
9462,1
9463,1
9464,2
9465,1
9466,2
9467,1
9468,4
9469,4
9470,0
9471,1
9472,3
9473,3
9474,3
9475,1
9476,2
9477,1
9478,3
9479,4
9480,1
9481,0
9482,1
9483,3
9484,4
9485,0
9486,3
9487,0
9488,2
9489,1
9490,3
9491,3
9492,4
9493,0
9494,0
9495,4
9496,0
9497,3
9498,2
9499,3
9500,3
9501,4
9502,2
9503,1
9504,0
9505,4
9506,0
9507,4
9508,3
9509,0
9510,2
9511,4
9512,4
9513,2
9514,3
9515,0
9516,4
9517,2
9518,1
9519,1
9520,3
9521,1
9522,3
9523,2
9524,1
9525,3
9526,4
9527,3
9528,1
9529,4
9530,4
9531,3
9532,3
9533,2
9534,4
9535,0
9536,0
9537,1
9538,1
9539,4
9540,1
9541,3
9542,3
9543,1
9544,0
9545,1
9546,2
9547,2
9548,3
9549,2
9550,2
9551,0
9552,3
9553,0
9554,2
9555,1
9556,3
9557,2
9558,0
9559,4
9560,3
9561,1
9562,1
9563,1
9564,0
9565,3
9566,2
9567,4
9568,4
9569,3
9570,4
9571,2
9572,1
9573,4
9574,3
9575,3
9576,0
9577,3
9578,1
9579,4
9580,1
9581,4
9582,2
9583,4
9584,3
9585,3
9586,0
9587,2
9588,0
9589,4
9590,4
9591,2
9592,0
9593,0
9594,1
9595,3
9596,4
9597,3
9598,2
9599,4
9600,4
9601,2
9602,0
9603,2
9604,2
9605,4
9606,2
9607,1
9608,3
9609,4
9610,4
9611,3
9612,4
9613,4
9614,3
9615,4
9616,1
9617,4
9618,0
9619,0
9620,0
9621,0
9622,1
9623,3
9624,0
9625,2
9626,0
9627,1
9628,0
9629,0
9630,1
9631,2
9632,0
9633,3
9634,2
9635,2
9636,3
9637,3
9638,0
9639,0
9640,0
9641,2
9642,3
9643,0
9644,0
9645,4
9646,4
9647,1
9648,0
9649,3
9650,2
9651,1
9652,4
9653,0
9654,1
9655,3
9656,2
9657,4
9658,0
9659,0
9660,4
9661,3
9662,2
9663,1
9664,3
9665,1
9666,3
9667,2
9668,4
9669,3
9670,3
9671,2
9672,0
9673,1
9674,1
9675,0
9676,2
9677,2
9678,1
9679,4
9680,3
9681,1
9682,0
9683,2
9684,4
9685,2
9686,3
9687,1
9688,2
9689,3
9690,4
9691,3
9692,0
9693,4
9694,2
9695,4
9696,4
9697,0
9698,1
9699,3
9700,4
9701,4
9702,2
9703,0
9704,4
9705,3
9706,0
9707,0
9708,0
9709,4
9710,0
9711,3
9712,3
9713,3
9714,3
9715,4
9716,0
9717,1
9718,2
9719,1
9720,2
9721,3
9722,4
9723,2
9724,0
9725,1
9726,3
9727,4
9728,4
9729,2
9730,0
9731,0
9732,3
9733,1
9734,0
9735,1
9736,3
9737,2
9738,2
9739,0
9740,2
9741,3
9742,2
9743,0
9744,3
9745,0
9746,0
9747,0
9748,1
9749,1
9750,2
9751,4
9752,0
9753,0
9754,3
9755,1
9756,1
9757,2
9758,1
9759,2
9760,2
9761,3
9762,4
9763,0
9764,2
9765,3
9766,3
9767,1
9768,4
9769,4
9770,2
9771,1
9772,0
9773,1
9774,1
9775,0
9776,1
9777,2
9778,4
9779,1
9780,4
9781,0
9782,3
9783,4
9784,2
9785,1
9786,1
9787,1
9788,2
9789,3
9790,4
9791,3
9792,2
9793,2
9794,0
9795,4
9796,1
9797,1
9798,1
9799,3
9800,4
9801,2
9802,2
9803,3
9804,0
9805,2
9806,2
9807,0
9808,4
9809,0
9810,0
9811,3
9812,3
9813,4
9814,2
9815,1
9816,1
9817,0
9818,2
9819,3
9820,1
9821,4
9822,3
9823,3
9824,1
9825,1
9826,1
9827,0
9828,0
9829,2
9830,4
9831,3
9832,3
9833,4
9834,2
9835,4
9836,2
9837,1
9838,3
9839,2
9840,0
9841,1
9842,4
9843,0
9844,1
9845,3
9846,0
9847,3
9848,4
9849,0
9850,3
9851,1
9852,3
9853,4
9854,3
9855,1
9856,4
9857,4
9858,1
9859,2
9860,1
9861,1
9862,0
9863,2
9864,0
9865,0
9866,0
9867,0
9868,3
9869,2
9870,2
9871,4
9872,2
9873,2
9874,4
9875,1
9876,3
9877,3
9878,2
9879,3
9880,1
9881,3
9882,1
9883,3
9884,2
9885,0
9886,0
9887,3
9888,1
9889,1
9890,1
9891,2
9892,0
9893,4
9894,2
9895,4
9896,2
9897,2
9898,2
9899,2
9900,2
9901,1
9902,1
9903,2
9904,4
9905,0
9906,3
9907,4
9908,4
9909,2
9910,1
9911,0
9912,3
9913,0
9914,1
9915,2
9916,1
9917,2
9918,1
9919,1
9920,0
9921,0
9922,2
9923,1
9924,1
9925,3
9926,3
9927,3
9928,4
9929,1
9930,2
9931,3
9932,3
9933,3
9934,2
9935,1
9936,2
9937,2
9938,4
9939,1
9940,1
9941,2
9942,4
9943,0
9944,3
9945,2
9946,0
9947,3
9948,4
9949,4
9950,4
9951,0
9952,3
9953,2
9954,4
9955,4
9956,0
9957,4
9958,0
9959,2
9960,3
9961,1
9962,1
9963,1
9964,2
9965,1
9966,3
9967,3
9968,2
9969,0
9970,3
9971,2
9972,4
9973,3
9974,2
9975,0
9976,0
9977,2
9978,4
9979,0
9980,3
9981,0
9982,0
9983,4
9984,2
9985,3
9986,1
9987,4
9988,0
9989,2
9990,3
9991,4
9992,2
9993,0
9994,4
9995,2
9996,2
9997,2
9998,1
9999,3
10000,1
10001,4
10002,1
10003,0
10004,0
10005,1
10006,0
10007,4
10008,3
10009,4
10010,3
10011,4
10012,1
10013,3
10014,2
10015,2
10016,1
10017,2
10018,1
10019,2
10020,4
10021,4
10022,0
10023,0
10024,2
10025,0
10026,3
10027,1
10028,3
10029,4
10030,4
10031,3
10032,0
10033,2
10034,0
10035,4
10036,0
10037,2
10038,4
10039,0
10040,0
10041,1
10042,4
10043,4
10044,2
10045,1
10046,0
10047,4
10048,3
10049,4
10050,2
10051,2
10052,2
10053,4
10054,3
10055,4
10056,2
10057,1
10058,1
10059,2
10060,2
10061,1
10062,4
10063,2
10064,0
10065,4
10066,2
10067,3
10068,2
10069,3
10070,1
10071,0
10072,1
10073,0
10074,1
10075,2
10076,1
10077,3
10078,4
10079,2
10080,0
10081,3
10082,1
10083,1
10084,3
10085,1
10086,1
10087,1
10088,3
10089,2
10090,4
10091,4
10092,2
10093,1
10094,0
10095,4
10096,4
10097,2
10098,0
10099,2
10100,3
10101,4
10102,2
10103,1
10104,0
10105,0
10106,4
10107,1
10108,4
10109,4
10110,0
10111,1
10112,4
10113,3
10114,4
10115,2
10116,1
10117,4
10118,0
10119,2
10120,1
10121,0
10122,2
10123,0
10124,1
10125,1
10126,4
10127,1
10128,4
10129,3
10130,1
10131,2
10132,3
10133,3
10134,1
10135,3
10136,1
10137,2
10138,4
10139,4
10140,1
10141,4
10142,3
10143,1
10144,2
10145,0
10146,4
10147,0
10148,3
10149,0
10150,3
10151,3
10152,2
10153,1
10154,2
10155,0
10156,3
10157,3
10158,4
10159,0
10160,3
10161,4
10162,4
10163,0
10164,4
10165,2
10166,4
10167,4
10168,3
10169,3
10170,2
10171,1
10172,4
10173,4
10174,3
10175,4
10176,0
10177,2
10178,2
10179,0
10180,1
10181,1
10182,1
10183,3
10184,4
10185,3
10186,0
10187,2
10188,2
10189,1
10190,1
10191,1
10192,0
10193,0
10194,4
10195,1
10196,1
10197,2
10198,4
10199,2
10200,0
10201,0
10202,2
10203,1
10204,1
10205,3
10206,4
10207,2
10208,0
10209,4
10210,1
10211,0
10212,1
10213,2
10214,2
10215,2
10216,2
10217,2
10218,1
10219,2
10220,2
10221,0
10222,4
10223,2
10224,0
10225,2
10226,3
10227,1
10228,4
10229,2
10230,3
10231,4
10232,4
10233,1
10234,2
10235,3
10236,1
10237,2
10238,0
10239,4
10240,3
10241,4
10242,0
10243,0
10244,4
10245,1
10246,3
10247,0
10248,2
10249,4
10250,0
10251,0
10252,1
10253,0
10254,3
10255,0
10256,1
10257,4
10258,1
10259,4
10260,3
10261,4
10262,3
10263,1
10264,0
10265,2
10266,4
10267,2
10268,4
10269,4
10270,2
10271,2
10272,3
10273,1
10274,0
10275,0
10276,3
10277,4
10278,3
10279,4
10280,0
10281,2
10282,4
10283,2
10284,1
10285,1
10286,0
10287,2
10288,1
10289,1
10290,1
10291,4
10292,1
10293,3
10294,2
10295,4
10296,0
10297,0
10298,4
10299,0
10300,4
10301,0
10302,0
10303,2
10304,4
10305,3
10306,0
10307,3
10308,3
10309,0
10310,3
10311,3
10312,3
10313,4
10314,1
10315,2
10316,3
10317,3
10318,0
10319,1
10320,3
10321,1
10322,1
10323,1
10324,4
10325,1
10326,1
10327,1
10328,3
10329,1
10330,3
10331,4
10332,3
10333,2
10334,1
10335,4
10336,4
10337,1
10338,4
10339,0
10340,2
10341,1
10342,0
10343,2
10344,2
10345,4
10346,4
10347,2
10348,4
10349,0
10350,1
10351,0
10352,2
10353,1
10354,0
10355,0
10356,3
10357,1
10358,0
10359,0
10360,1
10361,1
10362,4
10363,1
10364,4
10365,0
10366,2
10367,3
10368,2
10369,3
10370,1
10371,1
10372,3
10373,3
10374,2
10375,1
10376,1
10377,0
10378,4
10379,2
10380,0
10381,1
10382,0
10383,2
10384,0
10385,3
10386,4
10387,1
10388,0
10389,2
10390,0
10391,1
10392,2
10393,3
10394,2
10395,4
10396,2
10397,0
10398,3
10399,3
10400,0
10401,4
10402,0
10403,0
10404,3
10405,0
10406,2
10407,0
10408,4
10409,1
10410,2
10411,0
10412,2
10413,4
10414,2
10415,1
10416,4
10417,2
10418,0
10419,3
10420,4
10421,0
10422,1
10423,1
10424,1
10425,4
10426,1
10427,4
10428,4
10429,1
10430,2
10431,0
10432,2
10433,2
10434,1
10435,4
10436,2
10437,2
10438,2
10439,1
10440,4
10441,4
10442,2
10443,3
10444,4
10445,0
10446,3
10447,4
10448,0
10449,3
10450,4
10451,3
10452,0
10453,4
10454,3
10455,2
10456,0
10457,4
10458,1
10459,0
10460,4
10461,2
10462,2
10463,0
10464,4
10465,0
10466,2
10467,4
10468,0
10469,0
10470,2
10471,4
10472,0
10473,1
10474,1
10475,4
10476,2
10477,1
10478,2
10479,1
10480,4
10481,3
10482,4
10483,2
10484,1
10485,4
10486,2
10487,0
10488,4
10489,2
10490,1
10491,4
10492,3
10493,2
10494,2
10495,2
10496,1
10497,1
10498,0
10499,1
10500,1
10501,0
10502,4
10503,2
10504,2
10505,0
10506,0
10507,3
10508,1
10509,0
10510,3
10511,3
10512,0
10513,3
10514,4
10515,2
10516,1
10517,3
10518,3
10519,4
10520,0
10521,2
10522,2
10523,1
10524,0
10525,1
10526,1
10527,4
10528,0
10529,3
10530,4
10531,3
10532,3
10533,3
10534,0
10535,1
10536,1
10537,0
10538,2
10539,4
10540,0
10541,1
10542,0
10543,2
10544,2
10545,1
10546,3
10547,3
10548,1
10549,2
10550,1
10551,2
10552,1
10553,1
10554,1
10555,2
10556,0
10557,3
10558,4
10559,4
10560,0
10561,0
10562,4
10563,3
10564,4
10565,1
10566,2
10567,1
10568,0
10569,0
10570,2
10571,2
10572,1
10573,0
10574,2
10575,0
10576,4
10577,3
10578,4
10579,3
10580,0
10581,1
10582,0
10583,3
10584,0
10585,1
10586,2
10587,3
10588,2
10589,1
10590,2
10591,0
10592,0
10593,1
10594,4
10595,3
10596,0
10597,3
10598,1
10599,4
10600,3
10601,2
10602,3
10603,1
10604,4
10605,0
10606,3
10607,2
10608,2
10609,2
10610,2
10611,0
10612,2
10613,4
10614,4
10615,0
10616,2
10617,1
10618,1
10619,1
10620,1
10621,4
10622,0
10623,2
10624,0
10625,2
10626,1
10627,2
10628,3
10629,0
10630,3
10631,0
10632,4
10633,2
10634,1
10635,4
10636,2
10637,2
10638,1
10639,3
10640,4
10641,0
10642,0
10643,1
10644,4
10645,2
10646,0
10647,1
10648,1
10649,0
10650,2
10651,0
10652,2
10653,1
10654,2
10655,4
10656,4
10657,0
10658,4
10659,0
10660,4
10661,4
10662,0
10663,1
10664,3
10665,2
10666,3
10667,4
10668,3
10669,4
10670,0
10671,4
10672,3
10673,3
10674,4
10675,3
10676,4
10677,0
10678,2
10679,0
10680,4
10681,3
10682,1
10683,4
10684,4
10685,4
10686,2
10687,0
10688,4
10689,1
10690,2
10691,2
10692,4
10693,2
10694,1
10695,3
10696,1
10697,0
10698,1
10699,1
10700,0
10701,4
10702,4
10703,3
10704,1
10705,2
10706,4
10707,4
10708,1
10709,3
10710,4
10711,0
10712,3
10713,1
10714,2
10715,3
10716,3
10717,2
10718,0
10719,3
10720,2
10721,0
10722,2
10723,1
10724,3
10725,3
10726,2
10727,0
10728,2
10729,3
10730,1
10731,0
10732,0
10733,0
10734,1
10735,2
10736,0
10737,4
10738,4
10739,2
10740,0
10741,0
10742,2
10743,4
10744,1
10745,2
10746,1
10747,1
10748,2
10749,3
10750,0
10751,4
10752,3
10753,3
10754,0
10755,3
10756,4
10757,3
10758,0
10759,1
10760,4
10761,2
10762,1
10763,0
10764,3
10765,0
10766,1
10767,2
10768,3
10769,1
10770,1
10771,2
10772,0
10773,1
10774,2
10775,3
10776,4
10777,2
10778,3
10779,2
10780,3
10781,4
10782,0
10783,3
10784,2
10785,3
10786,0
10787,4
10788,3
10789,0
10790,2
10791,3
10792,0
10793,3
10794,2
10795,2
10796,0
10797,3
10798,4
10799,2
10800,1
10801,3
10802,0
10803,4
10804,1
10805,2
10806,2
10807,3
10808,3
10809,3
10810,1
10811,4
10812,1
10813,4
10814,3
10815,3
10816,2
10817,2
10818,3
10819,3
10820,1
10821,4
10822,3
10823,1
10824,4
10825,0
10826,1
10827,4
10828,0
10829,4
10830,1
10831,2
10832,1
10833,4
10834,0
10835,1
10836,3
10837,3
10838,3
10839,2
10840,1
10841,1
10842,3
10843,0
10844,4
10845,4
10846,2
10847,2
10848,3
10849,3
10850,4
10851,0
10852,0
10853,4
10854,3
10855,3
10856,1
10857,0
10858,4
10859,1
10860,2
10861,2
10862,4
10863,2
10864,2
10865,2
10866,4
10867,1
10868,0
10869,2
10870,0
10871,2
10872,4
10873,2
10874,1
10875,2
10876,3
10877,0
10878,3
10879,4
10880,0
10881,1
10882,4
10883,1
10884,1
10885,1
10886,0
10887,3
10888,4
10889,4
10890,2
10891,0
10892,3
10893,0
10894,3
10895,3
10896,3
10897,2
10898,1
10899,3
10900,0
10901,3
10902,0
10903,2
10904,0
10905,2
10906,3
10907,2
10908,1
10909,4
10910,3
10911,3
10912,0
10913,0
10914,0
10915,4
10916,2
10917,0
10918,0
10919,0
10920,3
10921,1
10922,4
10923,1
10924,4
10925,0
10926,4
10927,3
10928,2
10929,1
10930,4
10931,1
10932,0
10933,2
10934,0
10935,3
10936,1
10937,1
10938,4
10939,3
10940,3
10941,4
10942,4
10943,2
10944,0
10945,1
10946,1
10947,3
10948,0
10949,0
10950,3
10951,4
10952,0
10953,3
10954,4
10955,3
10956,3
10957,2
10958,4
10959,0
10960,1
10961,0
10962,0
10963,2
10964,0
10965,2
10966,1
10967,1
10968,2
10969,0
10970,3
10971,0
10972,4
10973,3
10974,2
10975,3
10976,2
10977,2
10978,1
10979,0
10980,0
10981,4
10982,4
10983,1
10984,1
10985,4
10986,1
10987,2
10988,4
10989,2
10990,2
10991,3
10992,2
10993,1
10994,1
10995,1
10996,2
10997,3
10998,4
10999,1
11000,4
11001,0
11002,0
11003,1
11004,1
11005,1
11006,4
11007,1
11008,0
11009,4
11010,2
11011,0
11012,4
11013,1
11014,2
11015,1
11016,1
11017,0
11018,4
11019,4
11020,4
11021,2
11022,3
11023,3
11024,3
11025,0
11026,0
11027,4
11028,1
11029,2
11030,1
11031,1
11032,2
11033,4
11034,4
11035,1
11036,4
11037,3
11038,2
11039,1
11040,1
11041,4
11042,0
11043,3
11044,3
11045,1
11046,0
11047,4
11048,4
11049,0
11050,4
11051,3
11052,1
11053,4
11054,1
11055,0
11056,2
11057,1
11058,0
11059,1
11060,3
11061,3
11062,1
11063,4
11064,4
11065,4
11066,0
11067,2
11068,1
11069,2
11070,1
11071,0
11072,3
11073,1
11074,4
11075,0
11076,4
11077,0
11078,4
11079,1
11080,2
11081,1
11082,2
11083,1
11084,2
11085,2
11086,0
11087,4
11088,0
11089,4
11090,2
11091,2
11092,0
11093,3
11094,1
11095,4
11096,4
11097,1
11098,1
11099,4
11100,3
11101,0
11102,2
11103,4
11104,3
11105,0
11106,0
11107,4
11108,1
11109,0
11110,3
11111,4
11112,4
11113,0
11114,4
11115,4
11116,2
11117,3
11118,3
11119,2
11120,3
11121,2
11122,1
11123,0
11124,4
11125,4
11126,0
11127,3
11128,1
11129,4
11130,3
11131,0
11132,2
11133,3
11134,3
11135,0
11136,1
11137,1
11138,2
11139,4
11140,2
11141,1
11142,1
11143,2
11144,3
11145,0
11146,3
11147,0
11148,4
11149,4
11150,1
11151,2
11152,0
11153,3
11154,4
11155,3
11156,4
11157,2
11158,2
11159,3
11160,1
11161,0
11162,2
11163,3
11164,1
11165,0
11166,0
11167,2
11168,0
11169,2
11170,2
11171,0
11172,0
11173,0
11174,4
11175,1
11176,0
11177,1
11178,1
11179,4
11180,3
11181,2
11182,1
11183,0
11184,2
11185,1
11186,4
11187,2
11188,2
11189,1
11190,4
11191,3
11192,1
11193,2
11194,0
11195,4
11196,1
11197,3
11198,0
11199,2
11200,4
11201,4
11202,2
11203,0
11204,0
11205,1
11206,4
11207,1
11208,3
11209,2
11210,2
11211,0
11212,1
11213,4
11214,1
11215,1
11216,0
11217,2
11218,4
11219,0
11220,4
11221,1
11222,2
11223,1
11224,3
11225,4
11226,0
11227,0
11228,2
11229,1
11230,0
11231,2
11232,3
11233,2
11234,3
11235,1
11236,4
11237,1
11238,1
11239,3
11240,2
11241,2
11242,3
11243,4
11244,3
11245,3
11246,1
11247,0
11248,1
11249,0
11250,0
11251,2
11252,3
11253,1
11254,1
11255,4
11256,1
11257,3
11258,0
11259,4
11260,0
11261,3
11262,3
11263,2
11264,4
11265,2
11266,0
11267,3
11268,3
11269,3
11270,3
11271,0
11272,4
11273,3
11274,1
11275,0
11276,2
11277,2
11278,2
11279,1
11280,1
11281,1
11282,4
11283,3
11284,4
11285,1
11286,0
11287,0
11288,2
11289,4
11290,0
11291,4
11292,2
11293,3
11294,4
11295,2
11296,4
11297,0
11298,3
11299,2
11300,1
11301,1
11302,3
11303,0
11304,1
11305,1
11306,3
11307,4
11308,1
11309,3
11310,1
11311,4
11312,3
11313,4
11314,1
11315,4
11316,4
11317,0
11318,3
11319,3
11320,2
11321,3
11322,4
11323,4
11324,3
11325,4
11326,2
11327,1
11328,0
11329,0
11330,0
11331,4
11332,2
11333,0
11334,2
11335,1
11336,1
11337,3
11338,2
11339,0
11340,4
11341,4
11342,1
11343,0
11344,0
11345,3
11346,2
11347,0
11348,1
11349,4
11350,3
11351,4
11352,2
11353,2
11354,2
11355,0
11356,1
11357,1
11358,0
11359,3
11360,0
11361,1
11362,4
11363,1
11364,0
11365,4
11366,0
11367,1
11368,3
11369,2
11370,1
11371,1
11372,4
11373,1
11374,3
11375,0
11376,0
11377,2
11378,1
11379,3
11380,4
11381,1
11382,0
11383,0
11384,1
11385,4
11386,3
11387,1
11388,2
11389,2
11390,3
11391,0
11392,0
11393,0
11394,3
11395,4
11396,4
11397,3
11398,0
11399,4
11400,0
11401,2
11402,2
11403,0
11404,2
11405,2
11406,3
11407,4
11408,1
11409,0
11410,1
11411,0
11412,2
11413,2
11414,0
11415,3
11416,3
11417,3
11418,4
11419,2
11420,4
11421,3
11422,1
11423,2
11424,1
11425,2
11426,4
11427,1
11428,1
11429,0
11430,0
11431,1
11432,1
11433,4
11434,3
11435,4
11436,4
11437,4
11438,1
11439,2
11440,0
11441,0
11442,2
11443,2
11444,1
11445,2
11446,1
11447,4
11448,0
11449,1
11450,0
11451,1
11452,0
11453,4
11454,2
11455,2
11456,0
11457,3
11458,1
11459,1
11460,3
11461,0
11462,2
11463,2
11464,3
11465,3
11466,3
11467,0
11468,0
11469,2
11470,4
11471,1
11472,1
11473,2
11474,2
11475,4
11476,0
11477,2
11478,2
11479,1
11480,3
11481,3
11482,0
11483,2
11484,4
11485,2
11486,1
11487,4
11488,1
11489,0
11490,1
11491,2
11492,1
11493,4
11494,4
11495,1
11496,2
11497,2
11498,4
11499,1
11500,0
11501,4
11502,2
11503,1
11504,3
11505,2
11506,1
11507,1
11508,0
11509,4
11510,0
11511,3
11512,3
11513,3
11514,1
11515,1
11516,4
11517,0
11518,0
11519,0
11520,2
11521,1
11522,0
11523,3
11524,3
11525,3
11526,3
11527,2
11528,0
11529,3
11530,0
11531,1
11532,2
11533,0
11534,2
11535,1
11536,4
11537,3
11538,1
11539,4
11540,0
11541,2
11542,3
11543,2
11544,2
11545,0
11546,4
11547,0
11548,0
11549,1
11550,4
11551,0
11552,0
11553,1
11554,0
11555,0
11556,4
11557,0
11558,3
11559,1
11560,0
11561,2
11562,2
11563,3
11564,0
11565,0
11566,0
11567,4
11568,4
11569,3
11570,3
11571,2
11572,4
11573,3
11574,2
11575,2
11576,3
11577,3
11578,3
11579,0
11580,1
11581,1
11582,3
11583,0
11584,0
11585,3
11586,2
11587,3
11588,2
11589,1
11590,2
11591,2
11592,4
11593,3
11594,2
11595,3
11596,4
11597,1
11598,3
11599,0
11600,4
11601,2
11602,3
11603,4
11604,0
11605,3
11606,2
11607,2
11608,1
11609,2
11610,3
11611,4
11612,1
11613,2
11614,3
11615,2
11616,3
11617,3
11618,4
11619,1
11620,3
11621,3
11622,1
11623,0
11624,2
11625,1
11626,2
11627,0
11628,4
11629,4
11630,0
11631,0
11632,4
11633,3
11634,4
11635,4
11636,3
11637,2
11638,0
11639,2
11640,1
11641,2
11642,2
11643,4
11644,2
11645,4
11646,2
11647,3
11648,3
11649,2
11650,2
11651,4
11652,2
11653,4
11654,1
11655,4
11656,1
11657,0
11658,1
11659,2
11660,1
11661,0
11662,0
11663,1
11664,1
11665,4
11666,4
11667,0
11668,0
11669,0
11670,3
11671,4
11672,0
11673,3
11674,3
11675,0
11676,0
11677,3
11678,1
11679,1
11680,3
11681,3
11682,2
11683,2
11684,3
11685,3
11686,4
11687,3
11688,3
11689,3
11690,1
11691,3
11692,3
11693,0
11694,3
11695,3
11696,0
11697,4
11698,3
11699,1
11700,2
11701,3
11702,3
11703,0
11704,2
11705,4
11706,1
11707,4
11708,1
11709,4
11710,2
11711,4
11712,0
11713,0
11714,3
11715,2
11716,1
11717,1
11718,3
11719,0
11720,1
11721,1
11722,2
11723,3
11724,3
11725,2
11726,3
11727,1
11728,4
11729,3
11730,2
11731,1
11732,2
11733,3
11734,0
11735,4
11736,1
11737,3
11738,2
11739,4
11740,3
11741,1
11742,2
11743,3
11744,4
11745,4
11746,4
11747,0
11748,0
11749,3
11750,0
11751,2
11752,4
11753,2
11754,2
11755,3
11756,2
11757,4
11758,0
11759,3
11760,1
11761,3
11762,1
11763,0
11764,1
11765,0
11766,1
11767,2
11768,1
11769,4
11770,4
11771,1
11772,1
11773,3
11774,2
11775,0
11776,1
11777,2
11778,1
11779,1
11780,3
11781,1
11782,0
11783,2
11784,1
11785,1
11786,0
11787,2
11788,3
11789,4
11790,3
11791,0
11792,1
11793,0
11794,3
11795,2
11796,2
11797,2
11798,0
11799,0
11800,1
11801,1
11802,1
11803,2
11804,0
11805,2
11806,2
11807,4
11808,0
11809,4
11810,2
11811,4
11812,2
11813,2
11814,2
11815,3
11816,0
11817,4
11818,2
11819,0
11820,3
11821,2
11822,0
11823,1
11824,0
11825,0
11826,2
11827,3
11828,0
11829,4
11830,4
11831,4
11832,4
11833,3
11834,3
11835,4
11836,4
11837,2
11838,2
11839,4
11840,0
11841,0
11842,0
11843,4
11844,3
11845,2
11846,4
11847,4
11848,3
11849,1
11850,1
11851,3
11852,2
11853,3
11854,2
11855,4
11856,0
11857,2
11858,3
11859,1
11860,3
11861,1
11862,4
11863,0
11864,0
11865,2
11866,2
11867,3
11868,2
11869,4
11870,2
11871,3
11872,0
11873,4
11874,0
11875,0
11876,3
11877,2
11878,4
11879,2
11880,3
11881,4
11882,1
11883,3
11884,0
11885,2
11886,0
11887,3
11888,0
11889,0
11890,3
11891,3
11892,2
11893,4
11894,0
11895,3
11896,0
11897,2
11898,0
11899,4
11900,2
11901,0
11902,3
11903,1
11904,4
11905,2
11906,4
11907,3
11908,1
11909,1
11910,1
11911,2
11912,0
11913,1
11914,2
11915,2
11916,0
11917,1
11918,0
11919,2
11920,1
11921,3
11922,1
11923,0
11924,0
11925,2
11926,1
11927,3
11928,4
11929,0
11930,1
11931,4
11932,1
11933,2
11934,0
11935,1
11936,3
11937,2
11938,2
11939,4
11940,0
11941,4
11942,3
11943,3
11944,2
11945,2
11946,1
11947,1
11948,3
11949,3
11950,4
11951,1
11952,1
11953,4
11954,2
11955,2
11956,0
11957,0
11958,2
11959,2
11960,0
11961,3
11962,0
11963,1
11964,0
11965,4
11966,3
11967,2
11968,2
11969,3
11970,0
11971,0
11972,4
11973,0
11974,1
11975,4
11976,1
11977,3
11978,3
11979,2
11980,1
11981,0
11982,2
11983,2
11984,2
11985,4
11986,0
11987,2
11988,4
11989,2
11990,1
11991,1
11992,4
11993,0
11994,0
11995,1
11996,0
11997,0
11998,1
11999,3
